DEBUG 2025-12-28 20:16:05.142 UTC: 	 CRAB Client version: v3.251020
DEBUG 2025-12-28 20:16:05.142 UTC: 	 Running on: Linux lxplus994.cern.ch 5.14.0-611.13.1.el9_7.x86_64 #1 SMP PREEMPT_DYNAMIC Sat Nov 29 05:13:16 EST 2025 x86_64 x86_64 x86_64 GNU/Linux
DEBUG 2025-12-28 20:16:05.142 UTC: 	 Not using Singularity
DEBUG 2025-12-28 20:16:05.142 UTC: 	 Operating System: Red Hat Enterprise Linux 9.7 (Plow)
DEBUG 2025-12-28 20:16:05.142 UTC: 	 Executing command: 'submit'
DEBUG 2025-12-28 20:16:05.142 UTC: 	 Could not find CRAB cache file /afs/cern.ch/user/p/psajdak/.crab3; creating a new one.
INFO 2025-12-28 20:16:05.270 UTC: 	 Will use CRAB configuration file crabConfig.py
DEBUG 2025-12-28 20:16:05.270 UTC: 	 Loading CRAB configuration file.
ERROR 2025-12-28 20:16:05.334 UTC: 	 Invalid CRAB configuration: Parameter JobType.pluginName has an invalid value ('JpsiGamma').
Allowed values are: ANALYSIS, PRIVATEMC, COPYCAT, RECOVER.
The documentation about the CRAB configuration file can be found in https://twiki.cern.ch/twiki/bin/view/CMSPublic/CRAB3ConfigurationFile
ERROR 2025-12-28 20:16:05.334 UTC: 	 Caught ClientException exception
Traceback (most recent call last):
  File "/cvmfs/cms.cern.ch/share/cms/crab-prod/v3.251020.00/bin/crab.py", line 157, in <module>
    client()
  File "/cvmfs/cms.cern.ch/share/cms/crab-prod/v3.251020.00/bin/crab.py", line 135, in __call__
    self.cmd = sub_cmd(self.logger, args[1:])  # the crab command to be executed
  File "/cvmfs/cms.cern.ch/share/cms/crab-prod/v3.251020.00/lib/CRABClient/Commands/submit.py", line 37, in __init__
    SubCommand.__init__(self, logger, cmdargs, disable_interspersed_args=True)
  File "/cvmfs/cms.cern.ch/share/cms/crab-prod/v3.251020.00/lib/CRABClient/Commands/SubCommand.py", line 326, in __init__
    self.loadConfig(self.options.config, self.args)
  File "/cvmfs/cms.cern.ch/share/cms/crab-prod/v3.251020.00/lib/CRABClient/Commands/SubCommand.py", line 95, in loadConfig
    raise ConfigurationException(configmsg)
CRABClient.ClientExceptions.ConfigurationException: Invalid CRAB configuration: Parameter JobType.pluginName has an invalid value ('JpsiGamma').
Allowed values are: ANALYSIS, PRIVATEMC, COPYCAT, RECOVER.
The documentation about the CRAB configuration file can be found in https://twiki.cern.ch/twiki/bin/view/CMSPublic/CRAB3ConfigurationFile
INFO 2025-12-28 20:16:05.340 UTC: 	 Log file is /eos/home-p/psajdak/CMSSW_14_1_1/src/BsToMuMuGammaAnalysis/RadiativeAnalysis/jobs/crab.log
DEBUG 2025-12-28 20:17:14.139 UTC: 	 CRAB Client version: v3.251020
DEBUG 2025-12-28 20:17:14.139 UTC: 	 Running on: Linux lxplus994.cern.ch 5.14.0-611.13.1.el9_7.x86_64 #1 SMP PREEMPT_DYNAMIC Sat Nov 29 05:13:16 EST 2025 x86_64 x86_64 x86_64 GNU/Linux
DEBUG 2025-12-28 20:17:14.139 UTC: 	 Not using Singularity
DEBUG 2025-12-28 20:17:14.139 UTC: 	 Operating System: Red Hat Enterprise Linux 9.7 (Plow)
DEBUG 2025-12-28 20:17:14.139 UTC: 	 Executing command: 'submit'
DEBUG 2025-12-28 20:17:14.139 UTC: 	 Found CRAB cache file /afs/cern.ch/user/p/psajdak/.crab3
INFO 2025-12-28 20:17:14.140 UTC: 	 Will use CRAB configuration file crabConfig.py
DEBUG 2025-12-28 20:17:14.140 UTC: 	 Loading CRAB configuration file.
DEBUG 2025-12-28 20:17:14.146 UTC: 	 Will use CRAB plugin ANALYSIS (i.e. will run an analysis job type).
ERROR 2025-12-28 20:17:14.147 UTC: 	 Working area '/eos/home-p/psajdak/CMSSW_14_1_1/src/BsToMuMuGammaAnalysis/RadiativeAnalysis/jobs/BsToJpsiGamma/crab_deltaR_dimuon_photon' already exists 
Please change the requestName in the config file
ERROR 2025-12-28 20:17:14.147 UTC: 	 Caught ClientException exception
Traceback (most recent call last):
  File "/cvmfs/cms.cern.ch/share/cms/crab-prod/v3.251020.00/bin/crab.py", line 157, in <module>
    client()
  File "/cvmfs/cms.cern.ch/share/cms/crab-prod/v3.251020.00/bin/crab.py", line 135, in __call__
    self.cmd = sub_cmd(self.logger, args[1:])  # the crab command to be executed
  File "/cvmfs/cms.cern.ch/share/cms/crab-prod/v3.251020.00/lib/CRABClient/Commands/submit.py", line 37, in __init__
    SubCommand.__init__(self, logger, cmdargs, disable_interspersed_args=True)
  File "/cvmfs/cms.cern.ch/share/cms/crab-prod/v3.251020.00/lib/CRABClient/Commands/SubCommand.py", line 328, in __init__
    self.requestarea, self.requestname, self.logfile = createWorkArea(
  File "/cvmfs/cms.cern.ch/share/cms/crab-prod/v3.251020.00/lib/CRABClient/ClientUtilities.py", line 392, in createWorkArea
    raise ConfigException("Working area '%s' already exists \nPlease change the requestName in the config file" % fullpath)
CRABClient.ClientExceptions.ConfigException: Working area '/eos/home-p/psajdak/CMSSW_14_1_1/src/BsToMuMuGammaAnalysis/RadiativeAnalysis/jobs/BsToJpsiGamma/crab_deltaR_dimuon_photon' already exists 
Please change the requestName in the config file
INFO 2025-12-28 20:17:14.153 UTC: 	 Log file is /eos/home-p/psajdak/CMSSW_14_1_1/src/BsToMuMuGammaAnalysis/RadiativeAnalysis/jobs/crab.log
DEBUG 2025-12-28 20:21:27.797 UTC: 	 CRAB Client version: v3.251020
DEBUG 2025-12-28 20:21:27.797 UTC: 	 Running on: Linux lxplus994.cern.ch 5.14.0-611.13.1.el9_7.x86_64 #1 SMP PREEMPT_DYNAMIC Sat Nov 29 05:13:16 EST 2025 x86_64 x86_64 x86_64 GNU/Linux
DEBUG 2025-12-28 20:21:27.797 UTC: 	 Not using Singularity
DEBUG 2025-12-28 20:21:27.797 UTC: 	 Operating System: Red Hat Enterprise Linux 9.7 (Plow)
DEBUG 2025-12-28 20:21:27.797 UTC: 	 Executing command: 'submit'
DEBUG 2025-12-28 20:21:27.798 UTC: 	 Found CRAB cache file /afs/cern.ch/user/p/psajdak/.crab3
INFO 2025-12-28 20:21:27.800 UTC: 	 Will use CRAB configuration file crabConfig.py
DEBUG 2025-12-28 20:21:27.800 UTC: 	 Loading CRAB configuration file.
DEBUG 2025-12-28 20:21:27.815 UTC: 	 Will use CRAB plugin ANALYSIS (i.e. will run an analysis job type).
ERROR 2025-12-28 20:21:27.817 UTC: 	 Working area '/eos/home-p/psajdak/CMSSW_14_1_1/src/BsToMuMuGammaAnalysis/RadiativeAnalysis/jobs/BsToJpsiGamma/crab_deltaR_dimuon_photon' already exists 
Please change the requestName in the config file
ERROR 2025-12-28 20:21:27.817 UTC: 	 Caught ClientException exception
Traceback (most recent call last):
  File "/cvmfs/cms.cern.ch/share/cms/crab-prod/v3.251020.00/bin/crab.py", line 157, in <module>
    client()
  File "/cvmfs/cms.cern.ch/share/cms/crab-prod/v3.251020.00/bin/crab.py", line 135, in __call__
    self.cmd = sub_cmd(self.logger, args[1:])  # the crab command to be executed
  File "/cvmfs/cms.cern.ch/share/cms/crab-prod/v3.251020.00/lib/CRABClient/Commands/submit.py", line 37, in __init__
    SubCommand.__init__(self, logger, cmdargs, disable_interspersed_args=True)
  File "/cvmfs/cms.cern.ch/share/cms/crab-prod/v3.251020.00/lib/CRABClient/Commands/SubCommand.py", line 328, in __init__
    self.requestarea, self.requestname, self.logfile = createWorkArea(
  File "/cvmfs/cms.cern.ch/share/cms/crab-prod/v3.251020.00/lib/CRABClient/ClientUtilities.py", line 392, in createWorkArea
    raise ConfigException("Working area '%s' already exists \nPlease change the requestName in the config file" % fullpath)
CRABClient.ClientExceptions.ConfigException: Working area '/eos/home-p/psajdak/CMSSW_14_1_1/src/BsToMuMuGammaAnalysis/RadiativeAnalysis/jobs/BsToJpsiGamma/crab_deltaR_dimuon_photon' already exists 
Please change the requestName in the config file
INFO 2025-12-28 20:21:27.823 UTC: 	 Log file is /eos/home-p/psajdak/CMSSW_14_1_1/src/BsToMuMuGammaAnalysis/RadiativeAnalysis/jobs/crab.log
DEBUG 2025-12-28 20:21:59.289 UTC: 	 CRAB Client version: v3.251020
DEBUG 2025-12-28 20:21:59.290 UTC: 	 Running on: Linux lxplus994.cern.ch 5.14.0-611.13.1.el9_7.x86_64 #1 SMP PREEMPT_DYNAMIC Sat Nov 29 05:13:16 EST 2025 x86_64 x86_64 x86_64 GNU/Linux
DEBUG 2025-12-28 20:21:59.290 UTC: 	 Not using Singularity
DEBUG 2025-12-28 20:21:59.290 UTC: 	 Operating System: Red Hat Enterprise Linux 9.7 (Plow)
DEBUG 2025-12-28 20:21:59.290 UTC: 	 Executing command: 'submit'
DEBUG 2025-12-28 20:21:59.290 UTC: 	 Found CRAB cache file /afs/cern.ch/user/p/psajdak/.crab3
INFO 2025-12-28 20:21:59.291 UTC: 	 Will use CRAB configuration file crabConfig.py
DEBUG 2025-12-28 20:21:59.291 UTC: 	 Loading CRAB configuration file.
DEBUG 2025-12-28 20:21:59.296 UTC: 	 Will use CRAB plugin ANALYSIS (i.e. will run an analysis job type).
ERROR 2025-12-28 20:21:59.297 UTC: 	 Working area '/eos/home-p/psajdak/CMSSW_14_1_1/src/BsToMuMuGammaAnalysis/RadiativeAnalysis/jobs/BsToJpsiGamma/crab_deltaR_dimuon_photon' already exists 
Please change the requestName in the config file
ERROR 2025-12-28 20:21:59.297 UTC: 	 Caught ClientException exception
Traceback (most recent call last):
  File "/cvmfs/cms.cern.ch/share/cms/crab-prod/v3.251020.00/bin/crab.py", line 157, in <module>
    client()
  File "/cvmfs/cms.cern.ch/share/cms/crab-prod/v3.251020.00/bin/crab.py", line 135, in __call__
    self.cmd = sub_cmd(self.logger, args[1:])  # the crab command to be executed
  File "/cvmfs/cms.cern.ch/share/cms/crab-prod/v3.251020.00/lib/CRABClient/Commands/submit.py", line 37, in __init__
    SubCommand.__init__(self, logger, cmdargs, disable_interspersed_args=True)
  File "/cvmfs/cms.cern.ch/share/cms/crab-prod/v3.251020.00/lib/CRABClient/Commands/SubCommand.py", line 328, in __init__
    self.requestarea, self.requestname, self.logfile = createWorkArea(
  File "/cvmfs/cms.cern.ch/share/cms/crab-prod/v3.251020.00/lib/CRABClient/ClientUtilities.py", line 392, in createWorkArea
    raise ConfigException("Working area '%s' already exists \nPlease change the requestName in the config file" % fullpath)
CRABClient.ClientExceptions.ConfigException: Working area '/eos/home-p/psajdak/CMSSW_14_1_1/src/BsToMuMuGammaAnalysis/RadiativeAnalysis/jobs/BsToJpsiGamma/crab_deltaR_dimuon_photon' already exists 
Please change the requestName in the config file
INFO 2025-12-28 20:21:59.302 UTC: 	 Log file is /eos/home-p/psajdak/CMSSW_14_1_1/src/BsToMuMuGammaAnalysis/RadiativeAnalysis/jobs/crab.log
DEBUG 2025-12-28 20:22:45.369 UTC: 	 CRAB Client version: v3.251020
DEBUG 2025-12-28 20:22:45.369 UTC: 	 Running on: Linux lxplus994.cern.ch 5.14.0-611.13.1.el9_7.x86_64 #1 SMP PREEMPT_DYNAMIC Sat Nov 29 05:13:16 EST 2025 x86_64 x86_64 x86_64 GNU/Linux
DEBUG 2025-12-28 20:22:45.369 UTC: 	 Not using Singularity
DEBUG 2025-12-28 20:22:45.369 UTC: 	 Operating System: Red Hat Enterprise Linux 9.7 (Plow)
DEBUG 2025-12-28 20:22:45.369 UTC: 	 Executing command: 'submit'
DEBUG 2025-12-28 20:22:45.370 UTC: 	 Found CRAB cache file /afs/cern.ch/user/p/psajdak/.crab3
INFO 2025-12-28 20:22:45.370 UTC: 	 Will use CRAB configuration file crabConfig.py
DEBUG 2025-12-28 20:22:45.371 UTC: 	 Loading CRAB configuration file.
DEBUG 2025-12-28 20:22:45.375 UTC: 	 Will use CRAB plugin ANALYSIS (i.e. will run an analysis job type).
ERROR 2025-12-28 20:22:45.376 UTC: 	 Working area '/eos/home-p/psajdak/CMSSW_14_1_1/src/BsToMuMuGammaAnalysis/RadiativeAnalysis/jobs/BsToJpsiGamma/crab_deltaR_dimuon_photon' already exists 
Please change the requestName in the config file
ERROR 2025-12-28 20:22:45.376 UTC: 	 Caught ClientException exception
Traceback (most recent call last):
  File "/cvmfs/cms.cern.ch/share/cms/crab-prod/v3.251020.00/bin/crab.py", line 157, in <module>
    client()
  File "/cvmfs/cms.cern.ch/share/cms/crab-prod/v3.251020.00/bin/crab.py", line 135, in __call__
    self.cmd = sub_cmd(self.logger, args[1:])  # the crab command to be executed
  File "/cvmfs/cms.cern.ch/share/cms/crab-prod/v3.251020.00/lib/CRABClient/Commands/submit.py", line 37, in __init__
    SubCommand.__init__(self, logger, cmdargs, disable_interspersed_args=True)
  File "/cvmfs/cms.cern.ch/share/cms/crab-prod/v3.251020.00/lib/CRABClient/Commands/SubCommand.py", line 328, in __init__
    self.requestarea, self.requestname, self.logfile = createWorkArea(
  File "/cvmfs/cms.cern.ch/share/cms/crab-prod/v3.251020.00/lib/CRABClient/ClientUtilities.py", line 392, in createWorkArea
    raise ConfigException("Working area '%s' already exists \nPlease change the requestName in the config file" % fullpath)
CRABClient.ClientExceptions.ConfigException: Working area '/eos/home-p/psajdak/CMSSW_14_1_1/src/BsToMuMuGammaAnalysis/RadiativeAnalysis/jobs/BsToJpsiGamma/crab_deltaR_dimuon_photon' already exists 
Please change the requestName in the config file
INFO 2025-12-28 20:22:45.381 UTC: 	 Log file is /eos/home-p/psajdak/CMSSW_14_1_1/src/BsToMuMuGammaAnalysis/RadiativeAnalysis/jobs/crab.log
DEBUG 2025-12-29 11:15:07.259 UTC: 	 CRAB Client version: v3.251020
DEBUG 2025-12-29 11:15:07.259 UTC: 	 Running on: Linux lxplus994.cern.ch 5.14.0-611.13.1.el9_7.x86_64 #1 SMP PREEMPT_DYNAMIC Sat Nov 29 05:13:16 EST 2025 x86_64 x86_64 x86_64 GNU/Linux
DEBUG 2025-12-29 11:15:07.259 UTC: 	 Not using Singularity
DEBUG 2025-12-29 11:15:07.259 UTC: 	 Operating System: Red Hat Enterprise Linux 9.7 (Plow)
DEBUG 2025-12-29 11:15:07.259 UTC: 	 Executing command: 'submit'
DEBUG 2025-12-29 11:15:07.260 UTC: 	 Found CRAB cache file /afs/cern.ch/user/p/psajdak/.crab3
INFO 2025-12-29 11:15:07.261 UTC: 	 Will use CRAB configuration file crabConfig.py
DEBUG 2025-12-29 11:15:07.261 UTC: 	 Loading CRAB configuration file.
ERROR 2025-12-29 11:15:07.404 UTC: 	 Invalid CRAB configuration: In case of Automatic splitting, the Data.unitsPerJob parameter must be in the [180, 2700] minutes range. You asked for 5 minutes.
The documentation about the CRAB configuration file can be found in https://twiki.cern.ch/twiki/bin/view/CMSPublic/CRAB3ConfigurationFile
ERROR 2025-12-29 11:15:07.404 UTC: 	 Caught ClientException exception
Traceback (most recent call last):
  File "/cvmfs/cms.cern.ch/share/cms/crab-prod/v3.251020.00/bin/crab.py", line 157, in <module>
    client()
  File "/cvmfs/cms.cern.ch/share/cms/crab-prod/v3.251020.00/bin/crab.py", line 135, in __call__
    self.cmd = sub_cmd(self.logger, args[1:])  # the crab command to be executed
  File "/cvmfs/cms.cern.ch/share/cms/crab-prod/v3.251020.00/lib/CRABClient/Commands/submit.py", line 37, in __init__
    SubCommand.__init__(self, logger, cmdargs, disable_interspersed_args=True)
  File "/cvmfs/cms.cern.ch/share/cms/crab-prod/v3.251020.00/lib/CRABClient/Commands/SubCommand.py", line 326, in __init__
    self.loadConfig(self.options.config, self.args)
  File "/cvmfs/cms.cern.ch/share/cms/crab-prod/v3.251020.00/lib/CRABClient/Commands/SubCommand.py", line 95, in loadConfig
    raise ConfigurationException(configmsg)
CRABClient.ClientExceptions.ConfigurationException: Invalid CRAB configuration: In case of Automatic splitting, the Data.unitsPerJob parameter must be in the [180, 2700] minutes range. You asked for 5 minutes.
The documentation about the CRAB configuration file can be found in https://twiki.cern.ch/twiki/bin/view/CMSPublic/CRAB3ConfigurationFile
INFO 2025-12-29 11:15:07.409 UTC: 	 Log file is /eos/home-p/psajdak/CMSSW_14_1_1/src/BsToMuMuGammaAnalysis/RadiativeAnalysis/jobs/crab.log
DEBUG 2025-12-29 22:04:40.274 UTC: 	 CRAB Client version: v3.251020
DEBUG 2025-12-29 22:04:40.274 UTC: 	 Running on: Linux lxplus994.cern.ch 5.14.0-611.13.1.el9_7.x86_64 #1 SMP PREEMPT_DYNAMIC Sat Nov 29 05:13:16 EST 2025 x86_64 x86_64 x86_64 GNU/Linux
DEBUG 2025-12-29 22:04:40.274 UTC: 	 Not using Singularity
DEBUG 2025-12-29 22:04:40.274 UTC: 	 Operating System: Red Hat Enterprise Linux 9.7 (Plow)
DEBUG 2025-12-29 22:04:40.274 UTC: 	 Executing command: 'status'
DEBUG 2025-12-29 22:04:40.289 UTC: 	 Could not find CRAB cache file /afs/cern.ch/user/p/psajdak/.crab3; creating a new one.
ERROR 2025-12-29 22:04:40.294 UTC: 	 Unhandled Exception!
ERROR 2025-12-29 22:04:40.294 UTC: 	 [Errno 13] Permission denied: '/afs/cern.ch/user/p/psajdak/.crab3.3563562'
Traceback (most recent call last):
  File "/cvmfs/cms.cern.ch/share/cms/crab-prod/v3.251020.00/bin/crab.py", line 157, in <module>
    client()
  File "/cvmfs/cms.cern.ch/share/cms/crab-prod/v3.251020.00/bin/crab.py", line 135, in __call__
    self.cmd = sub_cmd(self.logger, args[1:])  # the crab command to be executed
  File "/cvmfs/cms.cern.ch/share/cms/crab-prod/v3.251020.00/lib/CRABClient/Commands/status.py", line 50, in __init__
    SubCommand.__init__(self, logger, cmdargs)
  File "/cvmfs/cms.cern.ch/share/cms/crab-prod/v3.251020.00/lib/CRABClient/Commands/SubCommand.py", line 264, in __init__
    self.crab3dic = self.getConfiDict()
  File "/cvmfs/cms.cern.ch/share/cms/crab-prod/v3.251020.00/lib/CRABClient/Commands/SubCommand.py", line 571, in getConfiDict
    with open(crabCacheFileName_tmp, 'w') as fd:
PermissionError: [Errno 13] Permission denied: '/afs/cern.ch/user/p/psajdak/.crab3.3563562'
ERROR 2025-12-29 22:04:40.297 UTC: 	 ERROR: PermissionError: [Errno 13] Permission denied: '/afs/cern.ch/user/p/psajdak/.crab3.3563562'
ERROR 2025-12-29 22:04:40.297 UTC: 	 
 Look for more details in crab.log file /eos/home-p/psajdak/CMSSW_14_1_1/src/BsToMuMuGammaAnalysis/RadiativeAnalysis/jobs/crab.log
ERROR 2025-12-29 22:04:40.297 UTC: 	   If you can't figure out the problem, please send email to
ERROR 2025-12-29 22:04:40.298 UTC: 	 	cmstalk+computing-tools@dovecotmta.cern.ch with the crab.log file or crab.log URL.
ERROR 2025-12-29 22:04:40.298 UTC: 	   Please use 'crab uploadlog' to upload the log file /eos/home-p/psajdak/CMSSW_14_1_1/src/BsToMuMuGammaAnalysis/RadiativeAnalysis/jobs/crab.log to the CRAB cache.
DEBUG 2025-12-31 11:14:12.374 UTC: 	 CRAB Client version: v3.251020
DEBUG 2025-12-31 11:14:12.374 UTC: 	 Running on: Linux lxplus994.cern.ch 5.14.0-611.13.1.el9_7.x86_64 #1 SMP PREEMPT_DYNAMIC Sat Nov 29 05:13:16 EST 2025 x86_64 x86_64 x86_64 GNU/Linux
DEBUG 2025-12-31 11:14:12.374 UTC: 	 Not using Singularity
DEBUG 2025-12-31 11:14:12.374 UTC: 	 Operating System: Red Hat Enterprise Linux 9.7 (Plow)
DEBUG 2025-12-31 11:14:12.374 UTC: 	 Executing command: 'status'
DEBUG 2025-12-31 11:14:12.387 UTC: 	 Could not find CRAB cache file /afs/cern.ch/user/p/psajdak/.crab3; creating a new one.
ERROR 2025-12-31 11:14:12.392 UTC: 	 Unhandled Exception!
ERROR 2025-12-31 11:14:12.392 UTC: 	 [Errno 13] Permission denied: '/afs/cern.ch/user/p/psajdak/.crab3.3115826'
Traceback (most recent call last):
  File "/cvmfs/cms.cern.ch/share/cms/crab-prod/v3.251020.00/bin/crab.py", line 157, in <module>
    client()
  File "/cvmfs/cms.cern.ch/share/cms/crab-prod/v3.251020.00/bin/crab.py", line 135, in __call__
    self.cmd = sub_cmd(self.logger, args[1:])  # the crab command to be executed
  File "/cvmfs/cms.cern.ch/share/cms/crab-prod/v3.251020.00/lib/CRABClient/Commands/status.py", line 50, in __init__
    SubCommand.__init__(self, logger, cmdargs)
  File "/cvmfs/cms.cern.ch/share/cms/crab-prod/v3.251020.00/lib/CRABClient/Commands/SubCommand.py", line 264, in __init__
    self.crab3dic = self.getConfiDict()
  File "/cvmfs/cms.cern.ch/share/cms/crab-prod/v3.251020.00/lib/CRABClient/Commands/SubCommand.py", line 571, in getConfiDict
    with open(crabCacheFileName_tmp, 'w') as fd:
PermissionError: [Errno 13] Permission denied: '/afs/cern.ch/user/p/psajdak/.crab3.3115826'
ERROR 2025-12-31 11:14:12.394 UTC: 	 ERROR: PermissionError: [Errno 13] Permission denied: '/afs/cern.ch/user/p/psajdak/.crab3.3115826'
ERROR 2025-12-31 11:14:12.394 UTC: 	 
 Look for more details in crab.log file /eos/home-p/psajdak/CMSSW_14_1_1/src/BsToMuMuGammaAnalysis/RadiativeAnalysis/jobs/crab.log
ERROR 2025-12-31 11:14:12.394 UTC: 	   If you can't figure out the problem, please send email to
ERROR 2025-12-31 11:14:12.394 UTC: 	 	cmstalk+computing-tools@dovecotmta.cern.ch with the crab.log file or crab.log URL.
ERROR 2025-12-31 11:14:12.395 UTC: 	   Please use 'crab uploadlog' to upload the log file /eos/home-p/psajdak/CMSSW_14_1_1/src/BsToMuMuGammaAnalysis/RadiativeAnalysis/jobs/crab.log to the CRAB cache.
DEBUG 2025-12-31 17:09:55.384 UTC: 	 CRAB Client version: v3.251020
DEBUG 2025-12-31 17:09:55.384 UTC: 	 Running on: Linux lxplus994.cern.ch 5.14.0-611.13.1.el9_7.x86_64 #1 SMP PREEMPT_DYNAMIC Sat Nov 29 05:13:16 EST 2025 x86_64 x86_64 x86_64 GNU/Linux
DEBUG 2025-12-31 17:09:55.385 UTC: 	 Not using Singularity
DEBUG 2025-12-31 17:09:55.385 UTC: 	 Operating System: Red Hat Enterprise Linux 9.7 (Plow)
DEBUG 2025-12-31 17:09:55.385 UTC: 	 Executing command: 'submit'
DEBUG 2025-12-31 17:09:55.386 UTC: 	 Found CRAB cache file /afs/cern.ch/user/p/psajdak/.crab3
INFO 2025-12-31 17:09:55.388 UTC: 	 Will use CRAB configuration file crabConfig.py
DEBUG 2025-12-31 17:09:55.388 UTC: 	 Loading CRAB configuration file.
DEBUG 2025-12-31 17:09:55.404 UTC: 	 Will use CRAB plugin ANALYSIS (i.e. will run an analysis job type).
ERROR 2025-12-31 17:09:55.408 UTC: 	 Working area '/eos/home-p/psajdak/CMSSW_14_1_1/src/BsToMuMuGammaAnalysis/RadiativeAnalysis/jobs/BsToJpsiGamma/crab_M_MuMuGamma_tuple_allMC_fixed' already exists 
Please change the requestName in the config file
ERROR 2025-12-31 17:09:55.409 UTC: 	 Caught ClientException exception
Traceback (most recent call last):
  File "/cvmfs/cms.cern.ch/share/cms/crab-prod/v3.251020.00/bin/crab.py", line 157, in <module>
    client()
  File "/cvmfs/cms.cern.ch/share/cms/crab-prod/v3.251020.00/bin/crab.py", line 135, in __call__
    self.cmd = sub_cmd(self.logger, args[1:])  # the crab command to be executed
  File "/cvmfs/cms.cern.ch/share/cms/crab-prod/v3.251020.00/lib/CRABClient/Commands/submit.py", line 37, in __init__
    SubCommand.__init__(self, logger, cmdargs, disable_interspersed_args=True)
  File "/cvmfs/cms.cern.ch/share/cms/crab-prod/v3.251020.00/lib/CRABClient/Commands/SubCommand.py", line 328, in __init__
    self.requestarea, self.requestname, self.logfile = createWorkArea(
  File "/cvmfs/cms.cern.ch/share/cms/crab-prod/v3.251020.00/lib/CRABClient/ClientUtilities.py", line 392, in createWorkArea
    raise ConfigException("Working area '%s' already exists \nPlease change the requestName in the config file" % fullpath)
CRABClient.ClientExceptions.ConfigException: Working area '/eos/home-p/psajdak/CMSSW_14_1_1/src/BsToMuMuGammaAnalysis/RadiativeAnalysis/jobs/BsToJpsiGamma/crab_M_MuMuGamma_tuple_allMC_fixed' already exists 
Please change the requestName in the config file
INFO 2025-12-31 17:09:55.415 UTC: 	 Log file is /eos/home-p/psajdak/CMSSW_14_1_1/src/BsToMuMuGammaAnalysis/RadiativeAnalysis/jobs/crab.log
DEBUG 2026-01-02 14:17:19.171 UTC: 	 CRAB Client version: v3.251020
DEBUG 2026-01-02 14:17:19.172 UTC: 	 Running on: Linux lxplus994.cern.ch 5.14.0-611.13.1.el9_7.x86_64 #1 SMP PREEMPT_DYNAMIC Sat Nov 29 05:13:16 EST 2025 x86_64 x86_64 x86_64 GNU/Linux
DEBUG 2026-01-02 14:17:19.172 UTC: 	 Not using Singularity
DEBUG 2026-01-02 14:17:19.172 UTC: 	 Operating System: Red Hat Enterprise Linux 9.7 (Plow)
DEBUG 2026-01-02 14:17:19.172 UTC: 	 Executing command: 'submit'
DEBUG 2026-01-02 14:17:19.172 UTC: 	 Found CRAB cache file /afs/cern.ch/user/p/psajdak/.crab3
INFO 2026-01-02 14:17:19.175 UTC: 	 Will use CRAB configuration file crabConfigData.py
DEBUG 2026-01-02 14:17:19.175 UTC: 	 Loading CRAB configuration file.
DEBUG 2026-01-02 14:17:19.205 UTC: 	 Will use CRAB plugin ANALYSIS (i.e. will run an analysis job type).
ERROR 2026-01-02 14:17:19.206 UTC: 	 Working area '/eos/home-p/psajdak/CMSSW_14_1_1/src/BsToMuMuGammaAnalysis/RadiativeAnalysis/jobs/BsToJpsiGammaData24B/crab_dataset0' already exists 
Please change the requestName in the config file
ERROR 2026-01-02 14:17:19.206 UTC: 	 Caught ClientException exception
Traceback (most recent call last):
  File "/cvmfs/cms.cern.ch/share/cms/crab-prod/v3.251020.00/bin/crab.py", line 157, in <module>
    client()
  File "/cvmfs/cms.cern.ch/share/cms/crab-prod/v3.251020.00/bin/crab.py", line 135, in __call__
    self.cmd = sub_cmd(self.logger, args[1:])  # the crab command to be executed
  File "/cvmfs/cms.cern.ch/share/cms/crab-prod/v3.251020.00/lib/CRABClient/Commands/submit.py", line 37, in __init__
    SubCommand.__init__(self, logger, cmdargs, disable_interspersed_args=True)
  File "/cvmfs/cms.cern.ch/share/cms/crab-prod/v3.251020.00/lib/CRABClient/Commands/SubCommand.py", line 328, in __init__
    self.requestarea, self.requestname, self.logfile = createWorkArea(
  File "/cvmfs/cms.cern.ch/share/cms/crab-prod/v3.251020.00/lib/CRABClient/ClientUtilities.py", line 392, in createWorkArea
    raise ConfigException("Working area '%s' already exists \nPlease change the requestName in the config file" % fullpath)
CRABClient.ClientExceptions.ConfigException: Working area '/eos/home-p/psajdak/CMSSW_14_1_1/src/BsToMuMuGammaAnalysis/RadiativeAnalysis/jobs/BsToJpsiGammaData24B/crab_dataset0' already exists 
Please change the requestName in the config file
INFO 2026-01-02 14:17:19.212 UTC: 	 Log file is /eos/home-p/psajdak/CMSSW_14_1_1/src/BsToMuMuGammaAnalysis/RadiativeAnalysis/jobs/crab.log
DEBUG 2026-01-02 18:32:36.197 UTC: 	 CRAB Client version: v3.251020
DEBUG 2026-01-02 18:32:36.197 UTC: 	 Running on: Linux lxplus994.cern.ch 5.14.0-611.13.1.el9_7.x86_64 #1 SMP PREEMPT_DYNAMIC Sat Nov 29 05:13:16 EST 2025 x86_64 x86_64 x86_64 GNU/Linux
DEBUG 2026-01-02 18:32:36.197 UTC: 	 Not using Singularity
DEBUG 2026-01-02 18:32:36.197 UTC: 	 Operating System: Red Hat Enterprise Linux 9.7 (Plow)
DEBUG 2026-01-02 18:32:36.197 UTC: 	 Executing command: 'status'
DEBUG 2026-01-02 18:32:36.197 UTC: 	 Found CRAB cache file /afs/cern.ch/user/p/psajdak/.crab3
DEBUG 2026-01-02 18:39:38.347 UTC: 	 CRAB Client version: v3.251020
DEBUG 2026-01-02 18:39:38.347 UTC: 	 Running on: Linux lxplus994.cern.ch 5.14.0-611.13.1.el9_7.x86_64 #1 SMP PREEMPT_DYNAMIC Sat Nov 29 05:13:16 EST 2025 x86_64 x86_64 x86_64 GNU/Linux
DEBUG 2026-01-02 18:39:38.347 UTC: 	 Not using Singularity
DEBUG 2026-01-02 18:39:38.347 UTC: 	 Operating System: Red Hat Enterprise Linux 9.7 (Plow)
DEBUG 2026-01-02 18:39:38.347 UTC: 	 Executing command: 'tasks'
DEBUG 2026-01-02 18:39:38.347 UTC: 	 Found CRAB cache file /afs/cern.ch/user/p/psajdak/.crab3
DEBUG 2026-01-02 18:39:38.348 UTC: 	 Checking credentials
DEBUG 2026-01-02 18:39:38.348 UTC: 	 Found proxy file /tmp/x509up_u183200
DEBUG 2026-01-02 18:39:38.348 UTC: 	 Making sure it has proper VOMS extension
DEBUG 2026-01-02 18:39:38.348 UTC: 	 Executing command :
 voms-proxy-info --vo --file /tmp/x509up_u183200
DEBUG 2026-01-02 18:39:38.378 UTC: 	 output : cms

 error: 
 retcode : 0
DEBUG 2026-01-02 18:39:38.378 UTC: 	 Getting proxy life time left
DEBUG 2026-01-02 18:39:38.378 UTC: 	 Executing command :
 voms-proxy-info --actimeleft --timeleft --file /tmp/x509up_u183200
DEBUG 2026-01-02 18:39:38.404 UTC: 	 output : 428541
428541

 error: 
 retcode : 0
DEBUG 2026-01-02 18:39:38.404 UTC: 	 Proxy valid for 119:02:21 hours
DEBUG 2026-01-02 18:39:38.404 UTC: 	 Encoded data for curl request: subresource=delegatedn
DEBUG 2026-01-02 18:39:38.472 UTC: 	 Registering user credentials on myproxy for /DC=ch/DC=cern/OU=Organic Units/OU=Users/CN=cmscrab/CN=(817881|373708)/CN=Robot: cms crab|/DC=ch/DC=cern/OU=Organic Units/OU=Users/CN=crabint1/CN=373708/CN=Robot: CMS CRAB Integration 1
DEBUG 2026-01-02 18:39:38.472 UTC: 	 Executing command :
 voms-proxy-info --identity --file /tmp/x509up_u183200
DEBUG 2026-01-02 18:39:38.502 UTC: 	 output : /DC=ch/DC=cern/OU=Organic Units/OU=Users/CN=psajdak/CN=887534/CN=Pawel Sajdak

 error: 
 retcode : 0
DEBUG 2026-01-02 18:39:38.502 UTC: 	 Getting myproxy life time left for 2ad9106fd7ae4a9b1ce4cb184f94cae618d249f1
DEBUG 2026-01-02 18:39:38.502 UTC: 	 Executing command :
 myproxy-info -s myproxy.cern.ch -l 2ad9106fd7ae4a9b1ce4cb184f94cae618d249f1
DEBUG 2026-01-02 18:39:38.833 UTC: 	 output : username: 2ad9106fd7ae4a9b1ce4cb184f94cae618d249f1
owner: /DC=ch/DC=cern/OU=Organic Units/OU=Users/CN=psajdak/CN=887534/CN=Pawel Sajdak
  renewal policy: /DC=ch/DC=cern/OU=Organic Units/OU=Users/CN=cmscrab/CN=(817881|373708)/CN=Robot: cms crab|/DC=ch/DC=cern/OU=Organic Units/OU=Users/CN=crabint1/CN=373708/CN=Robot: CMS CRAB Integration 1
  trusted retrieval policy: /DC=ch/DC=cern/OU=Organic Units/OU=Users/CN=cmscrab/CN=(817881|373708)/CN=Robot: cms crab|/DC=ch/DC=cern/OU=Organic Units/OU=Users/CN=crabint1/CN=373708/CN=Robot: CMS CRAB Integration 1
  timeleft: 601:39:12  (25.1 days)

 error: 
 retcode : 0
DEBUG 2026-01-02 18:39:38.833 UTC: 	 Myproxy is valid: 2165940
DEBUG 2026-01-02 18:39:38.833 UTC: 	 Result of myproxy credential check:
  Credential exists on myproxy: username: 2ad9106fd7ae4a9b1ce4cb184f94cae618d249f1  - validity: 25 days, 1:39:00
DEBUG 2026-01-02 18:39:38.833 UTC: 	 Command use: tasks
DEBUG 2026-01-02 18:39:38.833 UTC: 	 Options use: []
DEBUG 2026-01-02 18:39:38.833 UTC: 	 Encoded data for curl request: subresource=version
DEBUG 2026-01-02 18:39:38.880 UTC: 	 CRABClient version: v3.251020
DEBUG 2026-01-02 18:39:38.881 UTC: 	 Instance is prod
DEBUG 2026-01-02 18:39:38.881 UTC: 	 Server base url is cmsweb.cern.ch
DEBUG 2026-01-02 18:39:38.881 UTC: 	 Command api workflow
DEBUG 2026-01-02 18:39:38.881 UTC: 	 Encoded data for curl request: timestamp=2025-12-03
INFO 2026-01-02 18:39:39.144 UTC: 	 
List of tasks from 2025-12-03 until 2026-01-02
INFO 2026-01-02 18:39:39.144 UTC: 	 Beware that STATUS here does not include information from grid jobs
INFO 2026-01-02 18:39:39.144 UTC: 	 ================================================================================
INFO 2026-01-02 18:39:39.144 UTC: 	 NAME								STATUS
INFO 2026-01-02 18:39:39.144 UTC: 	 ================================================================================
INFO 2026-01-02 18:39:39.144 UTC: 	 260102_183225:psajdak_crab_dataset7
								SUBMITTED
INFO 2026-01-02 18:39:39.144 UTC: 	 --------------------------------------------------------------------------------
INFO 2026-01-02 18:39:39.144 UTC: 	 260102_183159:psajdak_crab_dataset6
								SUBMITTED
INFO 2026-01-02 18:39:39.144 UTC: 	 --------------------------------------------------------------------------------
INFO 2026-01-02 18:39:39.144 UTC: 	 260102_183133:psajdak_crab_dataset5
								SUBMITTED
INFO 2026-01-02 18:39:39.144 UTC: 	 --------------------------------------------------------------------------------
INFO 2026-01-02 18:39:39.144 UTC: 	 260102_183107:psajdak_crab_dataset4
								SUBMITTED
INFO 2026-01-02 18:39:39.145 UTC: 	 --------------------------------------------------------------------------------
INFO 2026-01-02 18:39:39.145 UTC: 	 260102_183023:psajdak_crab_dataset3
								SUBMITTED
INFO 2026-01-02 18:39:39.145 UTC: 	 --------------------------------------------------------------------------------
INFO 2026-01-02 18:39:39.145 UTC: 	 260102_182956:psajdak_crab_dataset2
								SUBMITTED
INFO 2026-01-02 18:39:39.145 UTC: 	 --------------------------------------------------------------------------------
INFO 2026-01-02 18:39:39.145 UTC: 	 260102_160903:psajdak_crab_dataset1
								SUBMITTED
INFO 2026-01-02 18:39:39.145 UTC: 	 --------------------------------------------------------------------------------
INFO 2026-01-02 18:39:39.145 UTC: 	 260102_141904:psajdak_crab_dataset0_fixed
								SUBMITTED
INFO 2026-01-02 18:39:39.145 UTC: 	 --------------------------------------------------------------------------------
INFO 2026-01-02 18:39:39.145 UTC: 	 260101_195941:psajdak_crab_M_MuMuGamma_tuple_RecoOnly_allMC
								SUBMITTED
INFO 2026-01-02 18:39:39.145 UTC: 	 --------------------------------------------------------------------------------
INFO 2026-01-02 18:39:39.145 UTC: 	 251231_171052:psajdak_crab_M_MuMuGamma_tuple_RecoOnly_allMC
								SUBMITTED
INFO 2026-01-02 18:39:39.145 UTC: 	 --------------------------------------------------------------------------------
INFO 2026-01-02 18:39:39.146 UTC: 	 251230_212757:psajdak_crab_M_MuMuGamma_tuple_allMC_fixed
								SUBMITTED
INFO 2026-01-02 18:39:39.146 UTC: 	 --------------------------------------------------------------------------------
INFO 2026-01-02 18:39:39.146 UTC: 	 251230_174216:psajdak_crab_M_MuMuGamma_tuple_allMC
								SUBMITTED
INFO 2026-01-02 18:39:39.146 UTC: 	 --------------------------------------------------------------------------------
INFO 2026-01-02 18:39:39.146 UTC: 	 251229_174712:psajdak_crab_deltaR_dimuonPhoton_eta_allMC
								SUBMITTED
INFO 2026-01-02 18:39:39.146 UTC: 	 --------------------------------------------------------------------------------
INFO 2026-01-02 18:39:39.146 UTC: 	 251229_150319:psajdak_crab_deltaR_dimuon_photon_allMC_newHistoRanges
								SUBMITTED
INFO 2026-01-02 18:39:39.146 UTC: 	 --------------------------------------------------------------------------------
INFO 2026-01-02 18:39:39.146 UTC: 	 251229_121432:psajdak_crab_deltaR_dimuon_photon_allMC
								SUBMITTED
INFO 2026-01-02 18:39:39.146 UTC: 	 --------------------------------------------------------------------------------
INFO 2026-01-02 18:39:39.146 UTC: 	 251229_111604:psajdak_crab_deltaR_dimuon_photon_1
								SUBMITTED
INFO 2026-01-02 18:39:39.146 UTC: 	 --------------------------------------------------------------------------------
INFO 2026-01-02 18:39:39.146 UTC: 	 251228_202726:psajdak_crab_deltaR_dimuon_photon_0
								SUBMITTED
INFO 2026-01-02 18:39:39.147 UTC: 	 --------------------------------------------------------------------------------
INFO 2026-01-02 18:39:39.147 UTC: 	 251228_202312:psajdak_crab_deltaR_dimuon_photon_0
								SUBMITTED
INFO 2026-01-02 18:39:39.147 UTC: 	 --------------------------------------------------------------------------------
INFO 2026-01-02 18:39:39.147 UTC: 	 

WARNING 2026-01-02 18:39:39.147 UTC: 	 ATTENTION return value for 'tasks' has been changed to a dictionary
 format is {'commandStatus': 'SUCCESS' or 'FAILED',
            'tasklist': list of [task, status] lists as before}
INFO 2026-01-02 18:39:39.174 UTC: 	 Log file is /eos/home-p/psajdak/CMSSW_14_1_1/src/BsToMuMuGammaAnalysis/RadiativeAnalysis/jobs/crab.log
DEBUG 2026-01-02 18:43:17.006 UTC: 	 CRAB Client version: v3.251020
DEBUG 2026-01-02 18:43:17.007 UTC: 	 Running on: Linux lxplus994.cern.ch 5.14.0-611.13.1.el9_7.x86_64 #1 SMP PREEMPT_DYNAMIC Sat Nov 29 05:13:16 EST 2025 x86_64 x86_64 x86_64 GNU/Linux
DEBUG 2026-01-02 18:43:17.007 UTC: 	 Not using Singularity
DEBUG 2026-01-02 18:43:17.007 UTC: 	 Operating System: Red Hat Enterprise Linux 9.7 (Plow)
DEBUG 2026-01-02 18:43:17.007 UTC: 	 Executing command: 'status'
DEBUG 2026-01-02 18:43:17.007 UTC: 	 Found CRAB cache file /afs/cern.ch/user/p/psajdak/.crab3
ERROR 2026-01-02 18:43:17.008 UTC: 	 Error: 'crab status' command accepts at most 1 argument (a path to a CRAB project directory), 7 given.
ERROR 2026-01-02 18:43:17.008 UTC: 	 Caught ClientException exception
Traceback (most recent call last):
  File "/cvmfs/cms.cern.ch/share/cms/crab-prod/v3.251020.00/bin/crab.py", line 157, in <module>
    client()
  File "/cvmfs/cms.cern.ch/share/cms/crab-prod/v3.251020.00/bin/crab.py", line 135, in __call__
    self.cmd = sub_cmd(self.logger, args[1:])  # the crab command to be executed
  File "/cvmfs/cms.cern.ch/share/cms/crab-prod/v3.251020.00/lib/CRABClient/Commands/status.py", line 50, in __init__
    SubCommand.__init__(self, logger, cmdargs)
  File "/cvmfs/cms.cern.ch/share/cms/crab-prod/v3.251020.00/lib/CRABClient/Commands/SubCommand.py", line 281, in __init__
    SubCommand.validateOptions(self)
  File "/cvmfs/cms.cern.ch/share/cms/crab-prod/v3.251020.00/lib/CRABClient/Commands/SubCommand.py", line 671, in validateOptions
    raise ConfigurationException(msg)
CRABClient.ClientExceptions.ConfigurationException: [91mError[0m: 'crab status' command accepts at most 1 argument (a path to a CRAB project directory), 7 given.
INFO 2026-01-02 18:43:17.013 UTC: 	 Log file is /eos/home-p/psajdak/CMSSW_14_1_1/src/BsToMuMuGammaAnalysis/RadiativeAnalysis/jobs/crab.log
DEBUG 2026-01-02 18:43:38.298 UTC: 	 CRAB Client version: v3.251020
DEBUG 2026-01-02 18:43:38.299 UTC: 	 Running on: Linux lxplus994.cern.ch 5.14.0-611.13.1.el9_7.x86_64 #1 SMP PREEMPT_DYNAMIC Sat Nov 29 05:13:16 EST 2025 x86_64 x86_64 x86_64 GNU/Linux
DEBUG 2026-01-02 18:43:38.299 UTC: 	 Not using Singularity
DEBUG 2026-01-02 18:43:38.299 UTC: 	 Operating System: Red Hat Enterprise Linux 9.7 (Plow)
DEBUG 2026-01-02 18:43:38.299 UTC: 	 Executing command: 'status'
DEBUG 2026-01-02 18:43:38.299 UTC: 	 Found CRAB cache file /afs/cern.ch/user/p/psajdak/.crab3
ERROR 2026-01-02 18:43:38.301 UTC: 	 Cannot find .requestcache file in CRAB project directory /eos/home-p/psajdak/CMSSW_14_1_1/src/BsToMuMuGammaAnalysis/RadiativeAnalysis/jobs
ERROR 2026-01-02 18:43:38.301 UTC: 	 Caught ClientException exception
Traceback (most recent call last):
  File "/cvmfs/cms.cern.ch/share/cms/crab-prod/v3.251020.00/bin/crab.py", line 157, in <module>
    client()
  File "/cvmfs/cms.cern.ch/share/cms/crab-prod/v3.251020.00/bin/crab.py", line 135, in __call__
    self.cmd = sub_cmd(self.logger, args[1:])  # the crab command to be executed
  File "/cvmfs/cms.cern.ch/share/cms/crab-prod/v3.251020.00/lib/CRABClient/Commands/status.py", line 50, in __init__
    SubCommand.__init__(self, logger, cmdargs)
  File "/cvmfs/cms.cern.ch/share/cms/crab-prod/v3.251020.00/lib/CRABClient/Commands/SubCommand.py", line 281, in __init__
    SubCommand.validateOptions(self)
  File "/cvmfs/cms.cern.ch/share/cms/crab-prod/v3.251020.00/lib/CRABClient/Commands/SubCommand.py", line 695, in validateOptions
    self.loadLocalCache()
  File "/cvmfs/cms.cern.ch/share/cms/crab-prod/v3.251020.00/lib/CRABClient/Commands/SubCommand.py", line 537, in loadLocalCache
    raise ex
  File "/cvmfs/cms.cern.ch/share/cms/crab-prod/v3.251020.00/lib/CRABClient/Commands/SubCommand.py", line 531, in loadLocalCache
    self.cachedinfo, self.logfile = loadCache(self.requestarea, self.logger)
  File "/cvmfs/cms.cern.ch/share/cms/crab-prod/v3.251020.00/lib/CRABClient/ClientUtilities.py", line 445, in loadCache
    raise CachefileNotFoundException(msg)
CRABClient.ClientExceptions.CachefileNotFoundException: Cannot find .requestcache file in CRAB project directory /eos/home-p/psajdak/CMSSW_14_1_1/src/BsToMuMuGammaAnalysis/RadiativeAnalysis/jobs
INFO 2026-01-02 18:43:38.307 UTC: 	 Log file is /eos/home-p/psajdak/CMSSW_14_1_1/src/BsToMuMuGammaAnalysis/RadiativeAnalysis/jobs/crab.log
DEBUG 2026-01-02 18:43:57.714 UTC: 	 CRAB Client version: v3.251020
DEBUG 2026-01-02 18:43:57.714 UTC: 	 Running on: Linux lxplus994.cern.ch 5.14.0-611.13.1.el9_7.x86_64 #1 SMP PREEMPT_DYNAMIC Sat Nov 29 05:13:16 EST 2025 x86_64 x86_64 x86_64 GNU/Linux
DEBUG 2026-01-02 18:43:57.714 UTC: 	 Not using Singularity
DEBUG 2026-01-02 18:43:57.714 UTC: 	 Operating System: Red Hat Enterprise Linux 9.7 (Plow)
DEBUG 2026-01-02 18:43:57.714 UTC: 	 Executing command: 'status'
DEBUG 2026-01-02 18:43:57.714 UTC: 	 Found CRAB cache file /afs/cern.ch/user/p/psajdak/.crab3
ERROR 2026-01-02 18:43:57.718 UTC: 	 Cannot find .requestcache file in CRAB project directory /eos/home-p/psajdak/CMSSW_14_1_1/src/BsToMuMuGammaAnalysis/RadiativeAnalysis/jobs/BsToJpsiGammaData24B/crab_dataset0
ERROR 2026-01-02 18:43:57.718 UTC: 	 Caught ClientException exception
Traceback (most recent call last):
  File "/cvmfs/cms.cern.ch/share/cms/crab-prod/v3.251020.00/bin/crab.py", line 157, in <module>
    client()
  File "/cvmfs/cms.cern.ch/share/cms/crab-prod/v3.251020.00/bin/crab.py", line 135, in __call__
    self.cmd = sub_cmd(self.logger, args[1:])  # the crab command to be executed
  File "/cvmfs/cms.cern.ch/share/cms/crab-prod/v3.251020.00/lib/CRABClient/Commands/status.py", line 50, in __init__
    SubCommand.__init__(self, logger, cmdargs)
  File "/cvmfs/cms.cern.ch/share/cms/crab-prod/v3.251020.00/lib/CRABClient/Commands/SubCommand.py", line 281, in __init__
    SubCommand.validateOptions(self)
  File "/cvmfs/cms.cern.ch/share/cms/crab-prod/v3.251020.00/lib/CRABClient/Commands/SubCommand.py", line 695, in validateOptions
    self.loadLocalCache()
  File "/cvmfs/cms.cern.ch/share/cms/crab-prod/v3.251020.00/lib/CRABClient/Commands/SubCommand.py", line 537, in loadLocalCache
    raise ex
  File "/cvmfs/cms.cern.ch/share/cms/crab-prod/v3.251020.00/lib/CRABClient/Commands/SubCommand.py", line 531, in loadLocalCache
    self.cachedinfo, self.logfile = loadCache(self.requestarea, self.logger)
  File "/cvmfs/cms.cern.ch/share/cms/crab-prod/v3.251020.00/lib/CRABClient/ClientUtilities.py", line 445, in loadCache
    raise CachefileNotFoundException(msg)
CRABClient.ClientExceptions.CachefileNotFoundException: Cannot find .requestcache file in CRAB project directory /eos/home-p/psajdak/CMSSW_14_1_1/src/BsToMuMuGammaAnalysis/RadiativeAnalysis/jobs/BsToJpsiGammaData24B/crab_dataset0
INFO 2026-01-02 18:43:57.732 UTC: 	 Log file is /eos/home-p/psajdak/CMSSW_14_1_1/src/BsToMuMuGammaAnalysis/RadiativeAnalysis/jobs/crab.log
DEBUG 2026-01-02 18:44:08.585 UTC: 	 CRAB Client version: v3.251020
DEBUG 2026-01-02 18:44:08.585 UTC: 	 Running on: Linux lxplus994.cern.ch 5.14.0-611.13.1.el9_7.x86_64 #1 SMP PREEMPT_DYNAMIC Sat Nov 29 05:13:16 EST 2025 x86_64 x86_64 x86_64 GNU/Linux
DEBUG 2026-01-02 18:44:08.585 UTC: 	 Not using Singularity
DEBUG 2026-01-02 18:44:08.585 UTC: 	 Operating System: Red Hat Enterprise Linux 9.7 (Plow)
DEBUG 2026-01-02 18:44:08.585 UTC: 	 Executing command: 'status'
DEBUG 2026-01-02 18:44:08.585 UTC: 	 Found CRAB cache file /afs/cern.ch/user/p/psajdak/.crab3
ERROR 2026-01-02 18:44:08.587 UTC: 	 Cannot find .requestcache file in CRAB project directory /eos/home-p/psajdak/CMSSW_14_1_1/src/BsToMuMuGammaAnalysis/RadiativeAnalysis/jobs/BsToJpsiGammaData24B
ERROR 2026-01-02 18:44:08.587 UTC: 	 Caught ClientException exception
Traceback (most recent call last):
  File "/cvmfs/cms.cern.ch/share/cms/crab-prod/v3.251020.00/bin/crab.py", line 157, in <module>
    client()
  File "/cvmfs/cms.cern.ch/share/cms/crab-prod/v3.251020.00/bin/crab.py", line 135, in __call__
    self.cmd = sub_cmd(self.logger, args[1:])  # the crab command to be executed
  File "/cvmfs/cms.cern.ch/share/cms/crab-prod/v3.251020.00/lib/CRABClient/Commands/status.py", line 50, in __init__
    SubCommand.__init__(self, logger, cmdargs)
  File "/cvmfs/cms.cern.ch/share/cms/crab-prod/v3.251020.00/lib/CRABClient/Commands/SubCommand.py", line 281, in __init__
    SubCommand.validateOptions(self)
  File "/cvmfs/cms.cern.ch/share/cms/crab-prod/v3.251020.00/lib/CRABClient/Commands/SubCommand.py", line 695, in validateOptions
    self.loadLocalCache()
  File "/cvmfs/cms.cern.ch/share/cms/crab-prod/v3.251020.00/lib/CRABClient/Commands/SubCommand.py", line 537, in loadLocalCache
    raise ex
  File "/cvmfs/cms.cern.ch/share/cms/crab-prod/v3.251020.00/lib/CRABClient/Commands/SubCommand.py", line 531, in loadLocalCache
    self.cachedinfo, self.logfile = loadCache(self.requestarea, self.logger)
  File "/cvmfs/cms.cern.ch/share/cms/crab-prod/v3.251020.00/lib/CRABClient/ClientUtilities.py", line 445, in loadCache
    raise CachefileNotFoundException(msg)
CRABClient.ClientExceptions.CachefileNotFoundException: Cannot find .requestcache file in CRAB project directory /eos/home-p/psajdak/CMSSW_14_1_1/src/BsToMuMuGammaAnalysis/RadiativeAnalysis/jobs/BsToJpsiGammaData24B
INFO 2026-01-02 18:44:08.594 UTC: 	 Log file is /eos/home-p/psajdak/CMSSW_14_1_1/src/BsToMuMuGammaAnalysis/RadiativeAnalysis/jobs/crab.log
DEBUG 2026-01-02 18:44:25.852 UTC: 	 CRAB Client version: v3.251020
DEBUG 2026-01-02 18:44:25.852 UTC: 	 Running on: Linux lxplus994.cern.ch 5.14.0-611.13.1.el9_7.x86_64 #1 SMP PREEMPT_DYNAMIC Sat Nov 29 05:13:16 EST 2025 x86_64 x86_64 x86_64 GNU/Linux
DEBUG 2026-01-02 18:44:25.852 UTC: 	 Not using Singularity
DEBUG 2026-01-02 18:44:25.852 UTC: 	 Operating System: Red Hat Enterprise Linux 9.7 (Plow)
DEBUG 2026-01-02 18:44:25.852 UTC: 	 Executing command: 'status'
DEBUG 2026-01-02 18:44:25.852 UTC: 	 Found CRAB cache file /afs/cern.ch/user/p/psajdak/.crab3
ERROR 2026-01-02 18:44:25.853 UTC: 	 Error: BsToJpsiGammaData24B/dataset6 is not a valid CRAB project directory.
ERROR 2026-01-02 18:44:25.853 UTC: 	 Caught ClientException exception
Traceback (most recent call last):
  File "/cvmfs/cms.cern.ch/share/cms/crab-prod/v3.251020.00/bin/crab.py", line 157, in <module>
    client()
  File "/cvmfs/cms.cern.ch/share/cms/crab-prod/v3.251020.00/bin/crab.py", line 135, in __call__
    self.cmd = sub_cmd(self.logger, args[1:])  # the crab command to be executed
  File "/cvmfs/cms.cern.ch/share/cms/crab-prod/v3.251020.00/lib/CRABClient/Commands/status.py", line 50, in __init__
    SubCommand.__init__(self, logger, cmdargs)
  File "/cvmfs/cms.cern.ch/share/cms/crab-prod/v3.251020.00/lib/CRABClient/Commands/SubCommand.py", line 281, in __init__
    SubCommand.validateOptions(self)
  File "/cvmfs/cms.cern.ch/share/cms/crab-prod/v3.251020.00/lib/CRABClient/Commands/SubCommand.py", line 691, in validateOptions
    raise ConfigurationException(msg)
CRABClient.ClientExceptions.ConfigurationException: [91mError[0m: BsToJpsiGammaData24B/dataset6 is not a valid CRAB project directory.
INFO 2026-01-02 18:44:25.859 UTC: 	 Log file is /eos/home-p/psajdak/CMSSW_14_1_1/src/BsToMuMuGammaAnalysis/RadiativeAnalysis/jobs/crab.log
DEBUG 2026-01-13 22:00:45.393 UTC: 	 CRAB Client version: v3.251020
DEBUG 2026-01-13 22:00:45.393 UTC: 	 Running on: Linux lxplus928.cern.ch 5.14.0-611.11.1.el9_7.x86_64 #1 SMP PREEMPT_DYNAMIC Tue Nov 25 05:13:22 EST 2025 x86_64 x86_64 x86_64 GNU/Linux
DEBUG 2026-01-13 22:00:45.393 UTC: 	 Not using Singularity
DEBUG 2026-01-13 22:00:45.393 UTC: 	 Operating System: Red Hat Enterprise Linux 9.7 (Plow)
DEBUG 2026-01-13 22:00:45.393 UTC: 	 Executing command: 'submit'
DEBUG 2026-01-13 22:00:45.394 UTC: 	 Found CRAB cache file /afs/cern.ch/user/p/psajdak/.crab3
INFO 2026-01-13 22:00:45.395 UTC: 	 Will use CRAB configuration file crabConfigData.py
DEBUG 2026-01-13 22:00:45.395 UTC: 	 Loading CRAB configuration file.
INFO 2026-01-13 22:00:45.762 UTC: 	 Wrong format in command-line argument 'General.requestName'. Expected format is <section-name>.<parameter-name>=<parameter-value>.
ERROR 2026-01-13 22:00:45.762 UTC: 	 ERROR: Wrong command-line format.
ERROR 2026-01-13 22:00:45.762 UTC: 	 Caught ClientException exception
Traceback (most recent call last):
  File "/cvmfs/cms.cern.ch/share/cms/crab-prod/v3.251020.00/bin/crab.py", line 157, in <module>
    client()
  File "/cvmfs/cms.cern.ch/share/cms/crab-prod/v3.251020.00/bin/crab.py", line 135, in __call__
    self.cmd = sub_cmd(self.logger, args[1:])  # the crab command to be executed
  File "/cvmfs/cms.cern.ch/share/cms/crab-prod/v3.251020.00/lib/CRABClient/Commands/submit.py", line 37, in __init__
    SubCommand.__init__(self, logger, cmdargs, disable_interspersed_args=True)
  File "/cvmfs/cms.cern.ch/share/cms/crab-prod/v3.251020.00/lib/CRABClient/Commands/SubCommand.py", line 326, in __init__
    self.loadConfig(self.options.config, self.args)
  File "/cvmfs/cms.cern.ch/share/cms/crab-prod/v3.251020.00/lib/CRABClient/Commands/SubCommand.py", line 68, in loadConfig
    raise ConfigurationException("ERROR: Wrong command-line format.")
CRABClient.ClientExceptions.ConfigurationException: ERROR: Wrong command-line format.
INFO 2026-01-13 22:00:45.767 UTC: 	 Log file is /eos/home-p/psajdak/CMSSW_14_1_1/src/BsToMuMuGammaAnalysis/RadiativeAnalysis/jobs/crab.log
DEBUG 2026-01-13 22:00:47.653 UTC: 	 CRAB Client version: v3.251020
DEBUG 2026-01-13 22:00:47.653 UTC: 	 Running on: Linux lxplus928.cern.ch 5.14.0-611.11.1.el9_7.x86_64 #1 SMP PREEMPT_DYNAMIC Tue Nov 25 05:13:22 EST 2025 x86_64 x86_64 x86_64 GNU/Linux
DEBUG 2026-01-13 22:00:47.653 UTC: 	 Not using Singularity
DEBUG 2026-01-13 22:00:47.653 UTC: 	 Operating System: Red Hat Enterprise Linux 9.7 (Plow)
DEBUG 2026-01-13 22:00:47.653 UTC: 	 Executing command: 'submit'
DEBUG 2026-01-13 22:00:47.653 UTC: 	 Found CRAB cache file /afs/cern.ch/user/p/psajdak/.crab3
INFO 2026-01-13 22:00:47.654 UTC: 	 Will use CRAB configuration file crabConfigData.py
DEBUG 2026-01-13 22:00:47.654 UTC: 	 Loading CRAB configuration file.
INFO 2026-01-13 22:00:47.659 UTC: 	 Wrong format in command-line argument 'General.requestName'. Expected format is <section-name>.<parameter-name>=<parameter-value>.
ERROR 2026-01-13 22:00:47.659 UTC: 	 ERROR: Wrong command-line format.
ERROR 2026-01-13 22:00:47.659 UTC: 	 Caught ClientException exception
Traceback (most recent call last):
  File "/cvmfs/cms.cern.ch/share/cms/crab-prod/v3.251020.00/bin/crab.py", line 157, in <module>
    client()
  File "/cvmfs/cms.cern.ch/share/cms/crab-prod/v3.251020.00/bin/crab.py", line 135, in __call__
    self.cmd = sub_cmd(self.logger, args[1:])  # the crab command to be executed
  File "/cvmfs/cms.cern.ch/share/cms/crab-prod/v3.251020.00/lib/CRABClient/Commands/submit.py", line 37, in __init__
    SubCommand.__init__(self, logger, cmdargs, disable_interspersed_args=True)
  File "/cvmfs/cms.cern.ch/share/cms/crab-prod/v3.251020.00/lib/CRABClient/Commands/SubCommand.py", line 326, in __init__
    self.loadConfig(self.options.config, self.args)
  File "/cvmfs/cms.cern.ch/share/cms/crab-prod/v3.251020.00/lib/CRABClient/Commands/SubCommand.py", line 68, in loadConfig
    raise ConfigurationException("ERROR: Wrong command-line format.")
CRABClient.ClientExceptions.ConfigurationException: ERROR: Wrong command-line format.
INFO 2026-01-13 22:00:47.667 UTC: 	 Log file is /eos/home-p/psajdak/CMSSW_14_1_1/src/BsToMuMuGammaAnalysis/RadiativeAnalysis/jobs/crab.log
DEBUG 2026-01-13 22:00:49.748 UTC: 	 CRAB Client version: v3.251020
DEBUG 2026-01-13 22:00:49.749 UTC: 	 Running on: Linux lxplus928.cern.ch 5.14.0-611.11.1.el9_7.x86_64 #1 SMP PREEMPT_DYNAMIC Tue Nov 25 05:13:22 EST 2025 x86_64 x86_64 x86_64 GNU/Linux
DEBUG 2026-01-13 22:00:49.749 UTC: 	 Not using Singularity
DEBUG 2026-01-13 22:00:49.749 UTC: 	 Operating System: Red Hat Enterprise Linux 9.7 (Plow)
DEBUG 2026-01-13 22:00:49.749 UTC: 	 Executing command: 'submit'
DEBUG 2026-01-13 22:00:49.749 UTC: 	 Found CRAB cache file /afs/cern.ch/user/p/psajdak/.crab3
INFO 2026-01-13 22:00:49.749 UTC: 	 Will use CRAB configuration file crabConfigData.py
DEBUG 2026-01-13 22:00:49.749 UTC: 	 Loading CRAB configuration file.
INFO 2026-01-13 22:00:49.753 UTC: 	 Wrong format in command-line argument 'General.requestName'. Expected format is <section-name>.<parameter-name>=<parameter-value>.
ERROR 2026-01-13 22:00:49.753 UTC: 	 ERROR: Wrong command-line format.
ERROR 2026-01-13 22:00:49.753 UTC: 	 Caught ClientException exception
Traceback (most recent call last):
  File "/cvmfs/cms.cern.ch/share/cms/crab-prod/v3.251020.00/bin/crab.py", line 157, in <module>
    client()
  File "/cvmfs/cms.cern.ch/share/cms/crab-prod/v3.251020.00/bin/crab.py", line 135, in __call__
    self.cmd = sub_cmd(self.logger, args[1:])  # the crab command to be executed
  File "/cvmfs/cms.cern.ch/share/cms/crab-prod/v3.251020.00/lib/CRABClient/Commands/submit.py", line 37, in __init__
    SubCommand.__init__(self, logger, cmdargs, disable_interspersed_args=True)
  File "/cvmfs/cms.cern.ch/share/cms/crab-prod/v3.251020.00/lib/CRABClient/Commands/SubCommand.py", line 326, in __init__
    self.loadConfig(self.options.config, self.args)
  File "/cvmfs/cms.cern.ch/share/cms/crab-prod/v3.251020.00/lib/CRABClient/Commands/SubCommand.py", line 68, in loadConfig
    raise ConfigurationException("ERROR: Wrong command-line format.")
CRABClient.ClientExceptions.ConfigurationException: ERROR: Wrong command-line format.
INFO 2026-01-13 22:00:49.758 UTC: 	 Log file is /eos/home-p/psajdak/CMSSW_14_1_1/src/BsToMuMuGammaAnalysis/RadiativeAnalysis/jobs/crab.log
DEBUG 2026-01-13 22:00:51.802 UTC: 	 CRAB Client version: v3.251020
DEBUG 2026-01-13 22:00:51.803 UTC: 	 Running on: Linux lxplus928.cern.ch 5.14.0-611.11.1.el9_7.x86_64 #1 SMP PREEMPT_DYNAMIC Tue Nov 25 05:13:22 EST 2025 x86_64 x86_64 x86_64 GNU/Linux
DEBUG 2026-01-13 22:00:51.803 UTC: 	 Not using Singularity
DEBUG 2026-01-13 22:00:51.803 UTC: 	 Operating System: Red Hat Enterprise Linux 9.7 (Plow)
DEBUG 2026-01-13 22:00:51.803 UTC: 	 Executing command: 'submit'
DEBUG 2026-01-13 22:00:51.803 UTC: 	 Found CRAB cache file /afs/cern.ch/user/p/psajdak/.crab3
INFO 2026-01-13 22:00:51.803 UTC: 	 Will use CRAB configuration file crabConfigData.py
DEBUG 2026-01-13 22:00:51.803 UTC: 	 Loading CRAB configuration file.
INFO 2026-01-13 22:00:51.806 UTC: 	 Wrong format in command-line argument 'General.requestName'. Expected format is <section-name>.<parameter-name>=<parameter-value>.
ERROR 2026-01-13 22:00:51.806 UTC: 	 ERROR: Wrong command-line format.
ERROR 2026-01-13 22:00:51.806 UTC: 	 Caught ClientException exception
Traceback (most recent call last):
  File "/cvmfs/cms.cern.ch/share/cms/crab-prod/v3.251020.00/bin/crab.py", line 157, in <module>
    client()
  File "/cvmfs/cms.cern.ch/share/cms/crab-prod/v3.251020.00/bin/crab.py", line 135, in __call__
    self.cmd = sub_cmd(self.logger, args[1:])  # the crab command to be executed
  File "/cvmfs/cms.cern.ch/share/cms/crab-prod/v3.251020.00/lib/CRABClient/Commands/submit.py", line 37, in __init__
    SubCommand.__init__(self, logger, cmdargs, disable_interspersed_args=True)
  File "/cvmfs/cms.cern.ch/share/cms/crab-prod/v3.251020.00/lib/CRABClient/Commands/SubCommand.py", line 326, in __init__
    self.loadConfig(self.options.config, self.args)
  File "/cvmfs/cms.cern.ch/share/cms/crab-prod/v3.251020.00/lib/CRABClient/Commands/SubCommand.py", line 68, in loadConfig
    raise ConfigurationException("ERROR: Wrong command-line format.")
CRABClient.ClientExceptions.ConfigurationException: ERROR: Wrong command-line format.
INFO 2026-01-13 22:00:51.810 UTC: 	 Log file is /eos/home-p/psajdak/CMSSW_14_1_1/src/BsToMuMuGammaAnalysis/RadiativeAnalysis/jobs/crab.log
DEBUG 2026-01-13 22:00:53.674 UTC: 	 CRAB Client version: v3.251020
DEBUG 2026-01-13 22:00:53.674 UTC: 	 Running on: Linux lxplus928.cern.ch 5.14.0-611.11.1.el9_7.x86_64 #1 SMP PREEMPT_DYNAMIC Tue Nov 25 05:13:22 EST 2025 x86_64 x86_64 x86_64 GNU/Linux
DEBUG 2026-01-13 22:00:53.674 UTC: 	 Not using Singularity
DEBUG 2026-01-13 22:00:53.674 UTC: 	 Operating System: Red Hat Enterprise Linux 9.7 (Plow)
DEBUG 2026-01-13 22:00:53.674 UTC: 	 Executing command: 'submit'
DEBUG 2026-01-13 22:00:53.674 UTC: 	 Found CRAB cache file /afs/cern.ch/user/p/psajdak/.crab3
INFO 2026-01-13 22:00:53.675 UTC: 	 Will use CRAB configuration file crabConfigData.py
DEBUG 2026-01-13 22:00:53.675 UTC: 	 Loading CRAB configuration file.
INFO 2026-01-13 22:00:53.678 UTC: 	 Wrong format in command-line argument 'General.requestName'. Expected format is <section-name>.<parameter-name>=<parameter-value>.
ERROR 2026-01-13 22:00:53.678 UTC: 	 ERROR: Wrong command-line format.
ERROR 2026-01-13 22:00:53.678 UTC: 	 Caught ClientException exception
Traceback (most recent call last):
  File "/cvmfs/cms.cern.ch/share/cms/crab-prod/v3.251020.00/bin/crab.py", line 157, in <module>
    client()
  File "/cvmfs/cms.cern.ch/share/cms/crab-prod/v3.251020.00/bin/crab.py", line 135, in __call__
    self.cmd = sub_cmd(self.logger, args[1:])  # the crab command to be executed
  File "/cvmfs/cms.cern.ch/share/cms/crab-prod/v3.251020.00/lib/CRABClient/Commands/submit.py", line 37, in __init__
    SubCommand.__init__(self, logger, cmdargs, disable_interspersed_args=True)
  File "/cvmfs/cms.cern.ch/share/cms/crab-prod/v3.251020.00/lib/CRABClient/Commands/SubCommand.py", line 326, in __init__
    self.loadConfig(self.options.config, self.args)
  File "/cvmfs/cms.cern.ch/share/cms/crab-prod/v3.251020.00/lib/CRABClient/Commands/SubCommand.py", line 68, in loadConfig
    raise ConfigurationException("ERROR: Wrong command-line format.")
CRABClient.ClientExceptions.ConfigurationException: ERROR: Wrong command-line format.
INFO 2026-01-13 22:00:53.683 UTC: 	 Log file is /eos/home-p/psajdak/CMSSW_14_1_1/src/BsToMuMuGammaAnalysis/RadiativeAnalysis/jobs/crab.log
DEBUG 2026-01-13 22:00:55.609 UTC: 	 CRAB Client version: v3.251020
DEBUG 2026-01-13 22:00:55.610 UTC: 	 Running on: Linux lxplus928.cern.ch 5.14.0-611.11.1.el9_7.x86_64 #1 SMP PREEMPT_DYNAMIC Tue Nov 25 05:13:22 EST 2025 x86_64 x86_64 x86_64 GNU/Linux
DEBUG 2026-01-13 22:00:55.610 UTC: 	 Not using Singularity
DEBUG 2026-01-13 22:00:55.610 UTC: 	 Operating System: Red Hat Enterprise Linux 9.7 (Plow)
DEBUG 2026-01-13 22:00:55.610 UTC: 	 Executing command: 'submit'
DEBUG 2026-01-13 22:00:55.610 UTC: 	 Found CRAB cache file /afs/cern.ch/user/p/psajdak/.crab3
INFO 2026-01-13 22:00:55.610 UTC: 	 Will use CRAB configuration file crabConfigData.py
DEBUG 2026-01-13 22:00:55.610 UTC: 	 Loading CRAB configuration file.
INFO 2026-01-13 22:00:55.613 UTC: 	 Wrong format in command-line argument 'General.requestName'. Expected format is <section-name>.<parameter-name>=<parameter-value>.
ERROR 2026-01-13 22:00:55.613 UTC: 	 ERROR: Wrong command-line format.
ERROR 2026-01-13 22:00:55.613 UTC: 	 Caught ClientException exception
Traceback (most recent call last):
  File "/cvmfs/cms.cern.ch/share/cms/crab-prod/v3.251020.00/bin/crab.py", line 157, in <module>
    client()
  File "/cvmfs/cms.cern.ch/share/cms/crab-prod/v3.251020.00/bin/crab.py", line 135, in __call__
    self.cmd = sub_cmd(self.logger, args[1:])  # the crab command to be executed
  File "/cvmfs/cms.cern.ch/share/cms/crab-prod/v3.251020.00/lib/CRABClient/Commands/submit.py", line 37, in __init__
    SubCommand.__init__(self, logger, cmdargs, disable_interspersed_args=True)
  File "/cvmfs/cms.cern.ch/share/cms/crab-prod/v3.251020.00/lib/CRABClient/Commands/SubCommand.py", line 326, in __init__
    self.loadConfig(self.options.config, self.args)
  File "/cvmfs/cms.cern.ch/share/cms/crab-prod/v3.251020.00/lib/CRABClient/Commands/SubCommand.py", line 68, in loadConfig
    raise ConfigurationException("ERROR: Wrong command-line format.")
CRABClient.ClientExceptions.ConfigurationException: ERROR: Wrong command-line format.
INFO 2026-01-13 22:00:59.232 UTC: 	 Log file is /eos/home-p/psajdak/CMSSW_14_1_1/src/BsToMuMuGammaAnalysis/RadiativeAnalysis/jobs/crab.log
DEBUG 2026-01-13 22:01:01.209 UTC: 	 CRAB Client version: v3.251020
DEBUG 2026-01-13 22:01:01.209 UTC: 	 Running on: Linux lxplus928.cern.ch 5.14.0-611.11.1.el9_7.x86_64 #1 SMP PREEMPT_DYNAMIC Tue Nov 25 05:13:22 EST 2025 x86_64 x86_64 x86_64 GNU/Linux
DEBUG 2026-01-13 22:01:01.209 UTC: 	 Not using Singularity
DEBUG 2026-01-13 22:01:01.209 UTC: 	 Operating System: Red Hat Enterprise Linux 9.7 (Plow)
DEBUG 2026-01-13 22:01:01.210 UTC: 	 Executing command: 'submit'
DEBUG 2026-01-13 22:01:01.210 UTC: 	 Found CRAB cache file /afs/cern.ch/user/p/psajdak/.crab3
INFO 2026-01-13 22:01:01.210 UTC: 	 Will use CRAB configuration file crabConfigData.py
DEBUG 2026-01-13 22:01:01.210 UTC: 	 Loading CRAB configuration file.
INFO 2026-01-13 22:01:01.213 UTC: 	 Wrong format in command-line argument 'General.requestName'. Expected format is <section-name>.<parameter-name>=<parameter-value>.
ERROR 2026-01-13 22:01:01.213 UTC: 	 ERROR: Wrong command-line format.
ERROR 2026-01-13 22:01:01.213 UTC: 	 Caught ClientException exception
Traceback (most recent call last):
  File "/cvmfs/cms.cern.ch/share/cms/crab-prod/v3.251020.00/bin/crab.py", line 157, in <module>
    client()
  File "/cvmfs/cms.cern.ch/share/cms/crab-prod/v3.251020.00/bin/crab.py", line 135, in __call__
    self.cmd = sub_cmd(self.logger, args[1:])  # the crab command to be executed
  File "/cvmfs/cms.cern.ch/share/cms/crab-prod/v3.251020.00/lib/CRABClient/Commands/submit.py", line 37, in __init__
    SubCommand.__init__(self, logger, cmdargs, disable_interspersed_args=True)
  File "/cvmfs/cms.cern.ch/share/cms/crab-prod/v3.251020.00/lib/CRABClient/Commands/SubCommand.py", line 326, in __init__
    self.loadConfig(self.options.config, self.args)
  File "/cvmfs/cms.cern.ch/share/cms/crab-prod/v3.251020.00/lib/CRABClient/Commands/SubCommand.py", line 68, in loadConfig
    raise ConfigurationException("ERROR: Wrong command-line format.")
CRABClient.ClientExceptions.ConfigurationException: ERROR: Wrong command-line format.
INFO 2026-01-13 22:01:01.218 UTC: 	 Log file is /eos/home-p/psajdak/CMSSW_14_1_1/src/BsToMuMuGammaAnalysis/RadiativeAnalysis/jobs/crab.log
DEBUG 2026-01-13 22:01:03.220 UTC: 	 CRAB Client version: v3.251020
DEBUG 2026-01-13 22:01:03.221 UTC: 	 Running on: Linux lxplus928.cern.ch 5.14.0-611.11.1.el9_7.x86_64 #1 SMP PREEMPT_DYNAMIC Tue Nov 25 05:13:22 EST 2025 x86_64 x86_64 x86_64 GNU/Linux
DEBUG 2026-01-13 22:01:03.221 UTC: 	 Not using Singularity
DEBUG 2026-01-13 22:01:03.221 UTC: 	 Operating System: Red Hat Enterprise Linux 9.7 (Plow)
DEBUG 2026-01-13 22:01:03.221 UTC: 	 Executing command: 'submit'
DEBUG 2026-01-13 22:01:03.221 UTC: 	 Found CRAB cache file /afs/cern.ch/user/p/psajdak/.crab3
INFO 2026-01-13 22:01:03.221 UTC: 	 Will use CRAB configuration file crabConfigData.py
DEBUG 2026-01-13 22:01:03.221 UTC: 	 Loading CRAB configuration file.
INFO 2026-01-13 22:01:03.225 UTC: 	 Wrong format in command-line argument 'General.requestName'. Expected format is <section-name>.<parameter-name>=<parameter-value>.
ERROR 2026-01-13 22:01:03.225 UTC: 	 ERROR: Wrong command-line format.
ERROR 2026-01-13 22:01:03.225 UTC: 	 Caught ClientException exception
Traceback (most recent call last):
  File "/cvmfs/cms.cern.ch/share/cms/crab-prod/v3.251020.00/bin/crab.py", line 157, in <module>
    client()
  File "/cvmfs/cms.cern.ch/share/cms/crab-prod/v3.251020.00/bin/crab.py", line 135, in __call__
    self.cmd = sub_cmd(self.logger, args[1:])  # the crab command to be executed
  File "/cvmfs/cms.cern.ch/share/cms/crab-prod/v3.251020.00/lib/CRABClient/Commands/submit.py", line 37, in __init__
    SubCommand.__init__(self, logger, cmdargs, disable_interspersed_args=True)
  File "/cvmfs/cms.cern.ch/share/cms/crab-prod/v3.251020.00/lib/CRABClient/Commands/SubCommand.py", line 326, in __init__
    self.loadConfig(self.options.config, self.args)
  File "/cvmfs/cms.cern.ch/share/cms/crab-prod/v3.251020.00/lib/CRABClient/Commands/SubCommand.py", line 68, in loadConfig
    raise ConfigurationException("ERROR: Wrong command-line format.")
CRABClient.ClientExceptions.ConfigurationException: ERROR: Wrong command-line format.
INFO 2026-01-13 22:01:03.229 UTC: 	 Log file is /eos/home-p/psajdak/CMSSW_14_1_1/src/BsToMuMuGammaAnalysis/RadiativeAnalysis/jobs/crab.log
DEBUG 2026-01-13 22:01:47.737 UTC: 	 CRAB Client version: v3.251020
DEBUG 2026-01-13 22:01:47.737 UTC: 	 Running on: Linux lxplus928.cern.ch 5.14.0-611.11.1.el9_7.x86_64 #1 SMP PREEMPT_DYNAMIC Tue Nov 25 05:13:22 EST 2025 x86_64 x86_64 x86_64 GNU/Linux
DEBUG 2026-01-13 22:01:47.737 UTC: 	 Not using Singularity
DEBUG 2026-01-13 22:01:47.737 UTC: 	 Operating System: Red Hat Enterprise Linux 9.7 (Plow)
DEBUG 2026-01-13 22:01:47.737 UTC: 	 Executing command: 'submit'
DEBUG 2026-01-13 22:01:47.737 UTC: 	 Found CRAB cache file /afs/cern.ch/user/p/psajdak/.crab3
INFO 2026-01-13 22:01:47.738 UTC: 	 Will use CRAB configuration file crabConfigData.py
DEBUG 2026-01-13 22:01:47.738 UTC: 	 Loading CRAB configuration file.
DEBUG 2026-01-13 22:01:47.741 UTC: 	 Overriden parameter General.requestName with 'dataset${i}'
DEBUG 2026-01-13 22:01:47.741 UTC: 	 Overriden parameter Data.inputDataset with '/ParkingDoubleMuonLowMass${i}/Run2024C-PromptReco-v1/MINIAOD'
DEBUG 2026-01-13 22:01:47.741 UTC: 	 Will use CRAB plugin ANALYSIS (i.e. will run an analysis job type).
ERROR 2026-01-13 22:01:47.741 UTC: 	 Working area '/eos/home-p/psajdak/CMSSW_14_1_1/src/BsToMuMuGammaAnalysis/RadiativeAnalysis/jobs/BsToJpsiGamma24C/crab_dataset${i}' already exists 
Please change the requestName in the config file
ERROR 2026-01-13 22:01:47.741 UTC: 	 Caught ClientException exception
Traceback (most recent call last):
  File "/cvmfs/cms.cern.ch/share/cms/crab-prod/v3.251020.00/bin/crab.py", line 157, in <module>
    client()
  File "/cvmfs/cms.cern.ch/share/cms/crab-prod/v3.251020.00/bin/crab.py", line 135, in __call__
    self.cmd = sub_cmd(self.logger, args[1:])  # the crab command to be executed
  File "/cvmfs/cms.cern.ch/share/cms/crab-prod/v3.251020.00/lib/CRABClient/Commands/submit.py", line 37, in __init__
    SubCommand.__init__(self, logger, cmdargs, disable_interspersed_args=True)
  File "/cvmfs/cms.cern.ch/share/cms/crab-prod/v3.251020.00/lib/CRABClient/Commands/SubCommand.py", line 328, in __init__
    self.requestarea, self.requestname, self.logfile = createWorkArea(
  File "/cvmfs/cms.cern.ch/share/cms/crab-prod/v3.251020.00/lib/CRABClient/ClientUtilities.py", line 392, in createWorkArea
    raise ConfigException("Working area '%s' already exists \nPlease change the requestName in the config file" % fullpath)
CRABClient.ClientExceptions.ConfigException: Working area '/eos/home-p/psajdak/CMSSW_14_1_1/src/BsToMuMuGammaAnalysis/RadiativeAnalysis/jobs/BsToJpsiGamma24C/crab_dataset${i}' already exists 
Please change the requestName in the config file
INFO 2026-01-13 22:01:47.760 UTC: 	 Log file is /eos/home-p/psajdak/CMSSW_14_1_1/src/BsToMuMuGammaAnalysis/RadiativeAnalysis/jobs/crab.log
DEBUG 2026-01-13 22:01:49.678 UTC: 	 CRAB Client version: v3.251020
DEBUG 2026-01-13 22:01:49.678 UTC: 	 Running on: Linux lxplus928.cern.ch 5.14.0-611.11.1.el9_7.x86_64 #1 SMP PREEMPT_DYNAMIC Tue Nov 25 05:13:22 EST 2025 x86_64 x86_64 x86_64 GNU/Linux
DEBUG 2026-01-13 22:01:49.678 UTC: 	 Not using Singularity
DEBUG 2026-01-13 22:01:49.678 UTC: 	 Operating System: Red Hat Enterprise Linux 9.7 (Plow)
DEBUG 2026-01-13 22:01:49.678 UTC: 	 Executing command: 'submit'
DEBUG 2026-01-13 22:01:49.678 UTC: 	 Found CRAB cache file /afs/cern.ch/user/p/psajdak/.crab3
INFO 2026-01-13 22:01:49.679 UTC: 	 Will use CRAB configuration file crabConfigData.py
DEBUG 2026-01-13 22:01:49.679 UTC: 	 Loading CRAB configuration file.
DEBUG 2026-01-13 22:01:49.681 UTC: 	 Overriden parameter General.requestName with 'dataset${i}'
DEBUG 2026-01-13 22:01:49.681 UTC: 	 Overriden parameter Data.inputDataset with '/ParkingDoubleMuonLowMass${i}/Run2024C-PromptReco-v1/MINIAOD'
DEBUG 2026-01-13 22:01:49.681 UTC: 	 Will use CRAB plugin ANALYSIS (i.e. will run an analysis job type).
ERROR 2026-01-13 22:01:49.682 UTC: 	 Working area '/eos/home-p/psajdak/CMSSW_14_1_1/src/BsToMuMuGammaAnalysis/RadiativeAnalysis/jobs/BsToJpsiGamma24C/crab_dataset${i}' already exists 
Please change the requestName in the config file
ERROR 2026-01-13 22:01:49.682 UTC: 	 Caught ClientException exception
Traceback (most recent call last):
  File "/cvmfs/cms.cern.ch/share/cms/crab-prod/v3.251020.00/bin/crab.py", line 157, in <module>
    client()
  File "/cvmfs/cms.cern.ch/share/cms/crab-prod/v3.251020.00/bin/crab.py", line 135, in __call__
    self.cmd = sub_cmd(self.logger, args[1:])  # the crab command to be executed
  File "/cvmfs/cms.cern.ch/share/cms/crab-prod/v3.251020.00/lib/CRABClient/Commands/submit.py", line 37, in __init__
    SubCommand.__init__(self, logger, cmdargs, disable_interspersed_args=True)
  File "/cvmfs/cms.cern.ch/share/cms/crab-prod/v3.251020.00/lib/CRABClient/Commands/SubCommand.py", line 328, in __init__
    self.requestarea, self.requestname, self.logfile = createWorkArea(
  File "/cvmfs/cms.cern.ch/share/cms/crab-prod/v3.251020.00/lib/CRABClient/ClientUtilities.py", line 392, in createWorkArea
    raise ConfigException("Working area '%s' already exists \nPlease change the requestName in the config file" % fullpath)
CRABClient.ClientExceptions.ConfigException: Working area '/eos/home-p/psajdak/CMSSW_14_1_1/src/BsToMuMuGammaAnalysis/RadiativeAnalysis/jobs/BsToJpsiGamma24C/crab_dataset${i}' already exists 
Please change the requestName in the config file
INFO 2026-01-13 22:01:49.686 UTC: 	 Log file is /eos/home-p/psajdak/CMSSW_14_1_1/src/BsToMuMuGammaAnalysis/RadiativeAnalysis/jobs/crab.log
DEBUG 2026-01-13 22:01:51.588 UTC: 	 CRAB Client version: v3.251020
DEBUG 2026-01-13 22:01:51.588 UTC: 	 Running on: Linux lxplus928.cern.ch 5.14.0-611.11.1.el9_7.x86_64 #1 SMP PREEMPT_DYNAMIC Tue Nov 25 05:13:22 EST 2025 x86_64 x86_64 x86_64 GNU/Linux
DEBUG 2026-01-13 22:01:51.588 UTC: 	 Not using Singularity
DEBUG 2026-01-13 22:01:51.588 UTC: 	 Operating System: Red Hat Enterprise Linux 9.7 (Plow)
DEBUG 2026-01-13 22:01:51.588 UTC: 	 Executing command: 'submit'
DEBUG 2026-01-13 22:01:51.588 UTC: 	 Found CRAB cache file /afs/cern.ch/user/p/psajdak/.crab3
INFO 2026-01-13 22:01:51.589 UTC: 	 Will use CRAB configuration file crabConfigData.py
DEBUG 2026-01-13 22:01:51.589 UTC: 	 Loading CRAB configuration file.
DEBUG 2026-01-13 22:01:51.592 UTC: 	 Overriden parameter General.requestName with 'dataset${i}'
DEBUG 2026-01-13 22:01:51.592 UTC: 	 Overriden parameter Data.inputDataset with '/ParkingDoubleMuonLowMass${i}/Run2024C-PromptReco-v1/MINIAOD'
DEBUG 2026-01-13 22:01:51.592 UTC: 	 Will use CRAB plugin ANALYSIS (i.e. will run an analysis job type).
ERROR 2026-01-13 22:01:51.593 UTC: 	 Working area '/eos/home-p/psajdak/CMSSW_14_1_1/src/BsToMuMuGammaAnalysis/RadiativeAnalysis/jobs/BsToJpsiGamma24C/crab_dataset${i}' already exists 
Please change the requestName in the config file
ERROR 2026-01-13 22:01:51.593 UTC: 	 Caught ClientException exception
Traceback (most recent call last):
  File "/cvmfs/cms.cern.ch/share/cms/crab-prod/v3.251020.00/bin/crab.py", line 157, in <module>
    client()
  File "/cvmfs/cms.cern.ch/share/cms/crab-prod/v3.251020.00/bin/crab.py", line 135, in __call__
    self.cmd = sub_cmd(self.logger, args[1:])  # the crab command to be executed
  File "/cvmfs/cms.cern.ch/share/cms/crab-prod/v3.251020.00/lib/CRABClient/Commands/submit.py", line 37, in __init__
    SubCommand.__init__(self, logger, cmdargs, disable_interspersed_args=True)
  File "/cvmfs/cms.cern.ch/share/cms/crab-prod/v3.251020.00/lib/CRABClient/Commands/SubCommand.py", line 328, in __init__
    self.requestarea, self.requestname, self.logfile = createWorkArea(
  File "/cvmfs/cms.cern.ch/share/cms/crab-prod/v3.251020.00/lib/CRABClient/ClientUtilities.py", line 392, in createWorkArea
    raise ConfigException("Working area '%s' already exists \nPlease change the requestName in the config file" % fullpath)
CRABClient.ClientExceptions.ConfigException: Working area '/eos/home-p/psajdak/CMSSW_14_1_1/src/BsToMuMuGammaAnalysis/RadiativeAnalysis/jobs/BsToJpsiGamma24C/crab_dataset${i}' already exists 
Please change the requestName in the config file
INFO 2026-01-13 22:01:51.598 UTC: 	 Log file is /eos/home-p/psajdak/CMSSW_14_1_1/src/BsToMuMuGammaAnalysis/RadiativeAnalysis/jobs/crab.log
DEBUG 2026-01-13 22:01:53.492 UTC: 	 CRAB Client version: v3.251020
DEBUG 2026-01-13 22:01:53.492 UTC: 	 Running on: Linux lxplus928.cern.ch 5.14.0-611.11.1.el9_7.x86_64 #1 SMP PREEMPT_DYNAMIC Tue Nov 25 05:13:22 EST 2025 x86_64 x86_64 x86_64 GNU/Linux
DEBUG 2026-01-13 22:01:53.492 UTC: 	 Not using Singularity
DEBUG 2026-01-13 22:01:53.492 UTC: 	 Operating System: Red Hat Enterprise Linux 9.7 (Plow)
DEBUG 2026-01-13 22:01:53.492 UTC: 	 Executing command: 'submit'
DEBUG 2026-01-13 22:01:53.492 UTC: 	 Found CRAB cache file /afs/cern.ch/user/p/psajdak/.crab3
INFO 2026-01-13 22:01:53.492 UTC: 	 Will use CRAB configuration file crabConfigData.py
DEBUG 2026-01-13 22:01:53.493 UTC: 	 Loading CRAB configuration file.
DEBUG 2026-01-13 22:01:53.495 UTC: 	 Overriden parameter General.requestName with 'dataset${i}'
DEBUG 2026-01-13 22:01:53.495 UTC: 	 Overriden parameter Data.inputDataset with '/ParkingDoubleMuonLowMass${i}/Run2024C-PromptReco-v1/MINIAOD'
DEBUG 2026-01-13 22:01:53.495 UTC: 	 Will use CRAB plugin ANALYSIS (i.e. will run an analysis job type).
ERROR 2026-01-13 22:01:53.496 UTC: 	 Working area '/eos/home-p/psajdak/CMSSW_14_1_1/src/BsToMuMuGammaAnalysis/RadiativeAnalysis/jobs/BsToJpsiGamma24C/crab_dataset${i}' already exists 
Please change the requestName in the config file
ERROR 2026-01-13 22:01:53.496 UTC: 	 Caught ClientException exception
Traceback (most recent call last):
  File "/cvmfs/cms.cern.ch/share/cms/crab-prod/v3.251020.00/bin/crab.py", line 157, in <module>
    client()
  File "/cvmfs/cms.cern.ch/share/cms/crab-prod/v3.251020.00/bin/crab.py", line 135, in __call__
    self.cmd = sub_cmd(self.logger, args[1:])  # the crab command to be executed
  File "/cvmfs/cms.cern.ch/share/cms/crab-prod/v3.251020.00/lib/CRABClient/Commands/submit.py", line 37, in __init__
    SubCommand.__init__(self, logger, cmdargs, disable_interspersed_args=True)
  File "/cvmfs/cms.cern.ch/share/cms/crab-prod/v3.251020.00/lib/CRABClient/Commands/SubCommand.py", line 328, in __init__
    self.requestarea, self.requestname, self.logfile = createWorkArea(
  File "/cvmfs/cms.cern.ch/share/cms/crab-prod/v3.251020.00/lib/CRABClient/ClientUtilities.py", line 392, in createWorkArea
    raise ConfigException("Working area '%s' already exists \nPlease change the requestName in the config file" % fullpath)
CRABClient.ClientExceptions.ConfigException: Working area '/eos/home-p/psajdak/CMSSW_14_1_1/src/BsToMuMuGammaAnalysis/RadiativeAnalysis/jobs/BsToJpsiGamma24C/crab_dataset${i}' already exists 
Please change the requestName in the config file
INFO 2026-01-13 22:01:53.500 UTC: 	 Log file is /eos/home-p/psajdak/CMSSW_14_1_1/src/BsToMuMuGammaAnalysis/RadiativeAnalysis/jobs/crab.log
DEBUG 2026-01-13 22:01:55.385 UTC: 	 CRAB Client version: v3.251020
DEBUG 2026-01-13 22:01:55.385 UTC: 	 Running on: Linux lxplus928.cern.ch 5.14.0-611.11.1.el9_7.x86_64 #1 SMP PREEMPT_DYNAMIC Tue Nov 25 05:13:22 EST 2025 x86_64 x86_64 x86_64 GNU/Linux
DEBUG 2026-01-13 22:01:55.385 UTC: 	 Not using Singularity
DEBUG 2026-01-13 22:01:55.385 UTC: 	 Operating System: Red Hat Enterprise Linux 9.7 (Plow)
DEBUG 2026-01-13 22:01:55.385 UTC: 	 Executing command: 'submit'
DEBUG 2026-01-13 22:01:55.385 UTC: 	 Found CRAB cache file /afs/cern.ch/user/p/psajdak/.crab3
INFO 2026-01-13 22:01:55.386 UTC: 	 Will use CRAB configuration file crabConfigData.py
DEBUG 2026-01-13 22:01:55.386 UTC: 	 Loading CRAB configuration file.
DEBUG 2026-01-13 22:01:55.389 UTC: 	 Overriden parameter General.requestName with 'dataset${i}'
DEBUG 2026-01-13 22:01:55.389 UTC: 	 Overriden parameter Data.inputDataset with '/ParkingDoubleMuonLowMass${i}/Run2024C-PromptReco-v1/MINIAOD'
DEBUG 2026-01-13 22:01:55.389 UTC: 	 Will use CRAB plugin ANALYSIS (i.e. will run an analysis job type).
ERROR 2026-01-13 22:01:55.389 UTC: 	 Working area '/eos/home-p/psajdak/CMSSW_14_1_1/src/BsToMuMuGammaAnalysis/RadiativeAnalysis/jobs/BsToJpsiGamma24C/crab_dataset${i}' already exists 
Please change the requestName in the config file
ERROR 2026-01-13 22:01:55.389 UTC: 	 Caught ClientException exception
Traceback (most recent call last):
  File "/cvmfs/cms.cern.ch/share/cms/crab-prod/v3.251020.00/bin/crab.py", line 157, in <module>
    client()
  File "/cvmfs/cms.cern.ch/share/cms/crab-prod/v3.251020.00/bin/crab.py", line 135, in __call__
    self.cmd = sub_cmd(self.logger, args[1:])  # the crab command to be executed
  File "/cvmfs/cms.cern.ch/share/cms/crab-prod/v3.251020.00/lib/CRABClient/Commands/submit.py", line 37, in __init__
    SubCommand.__init__(self, logger, cmdargs, disable_interspersed_args=True)
  File "/cvmfs/cms.cern.ch/share/cms/crab-prod/v3.251020.00/lib/CRABClient/Commands/SubCommand.py", line 328, in __init__
    self.requestarea, self.requestname, self.logfile = createWorkArea(
  File "/cvmfs/cms.cern.ch/share/cms/crab-prod/v3.251020.00/lib/CRABClient/ClientUtilities.py", line 392, in createWorkArea
    raise ConfigException("Working area '%s' already exists \nPlease change the requestName in the config file" % fullpath)
CRABClient.ClientExceptions.ConfigException: Working area '/eos/home-p/psajdak/CMSSW_14_1_1/src/BsToMuMuGammaAnalysis/RadiativeAnalysis/jobs/BsToJpsiGamma24C/crab_dataset${i}' already exists 
Please change the requestName in the config file
INFO 2026-01-13 22:01:55.395 UTC: 	 Log file is /eos/home-p/psajdak/CMSSW_14_1_1/src/BsToMuMuGammaAnalysis/RadiativeAnalysis/jobs/crab.log
DEBUG 2026-01-13 22:01:57.240 UTC: 	 CRAB Client version: v3.251020
DEBUG 2026-01-13 22:01:57.240 UTC: 	 Running on: Linux lxplus928.cern.ch 5.14.0-611.11.1.el9_7.x86_64 #1 SMP PREEMPT_DYNAMIC Tue Nov 25 05:13:22 EST 2025 x86_64 x86_64 x86_64 GNU/Linux
DEBUG 2026-01-13 22:01:57.240 UTC: 	 Not using Singularity
DEBUG 2026-01-13 22:01:57.240 UTC: 	 Operating System: Red Hat Enterprise Linux 9.7 (Plow)
DEBUG 2026-01-13 22:01:57.240 UTC: 	 Executing command: 'submit'
DEBUG 2026-01-13 22:01:57.240 UTC: 	 Found CRAB cache file /afs/cern.ch/user/p/psajdak/.crab3
INFO 2026-01-13 22:01:57.241 UTC: 	 Will use CRAB configuration file crabConfigData.py
DEBUG 2026-01-13 22:01:57.241 UTC: 	 Loading CRAB configuration file.
DEBUG 2026-01-13 22:01:57.243 UTC: 	 Overriden parameter General.requestName with 'dataset${i}'
DEBUG 2026-01-13 22:01:57.243 UTC: 	 Overriden parameter Data.inputDataset with '/ParkingDoubleMuonLowMass${i}/Run2024C-PromptReco-v1/MINIAOD'
DEBUG 2026-01-13 22:01:57.243 UTC: 	 Will use CRAB plugin ANALYSIS (i.e. will run an analysis job type).
ERROR 2026-01-13 22:01:57.244 UTC: 	 Working area '/eos/home-p/psajdak/CMSSW_14_1_1/src/BsToMuMuGammaAnalysis/RadiativeAnalysis/jobs/BsToJpsiGamma24C/crab_dataset${i}' already exists 
Please change the requestName in the config file
ERROR 2026-01-13 22:01:57.244 UTC: 	 Caught ClientException exception
Traceback (most recent call last):
  File "/cvmfs/cms.cern.ch/share/cms/crab-prod/v3.251020.00/bin/crab.py", line 157, in <module>
    client()
  File "/cvmfs/cms.cern.ch/share/cms/crab-prod/v3.251020.00/bin/crab.py", line 135, in __call__
    self.cmd = sub_cmd(self.logger, args[1:])  # the crab command to be executed
  File "/cvmfs/cms.cern.ch/share/cms/crab-prod/v3.251020.00/lib/CRABClient/Commands/submit.py", line 37, in __init__
    SubCommand.__init__(self, logger, cmdargs, disable_interspersed_args=True)
  File "/cvmfs/cms.cern.ch/share/cms/crab-prod/v3.251020.00/lib/CRABClient/Commands/SubCommand.py", line 328, in __init__
    self.requestarea, self.requestname, self.logfile = createWorkArea(
  File "/cvmfs/cms.cern.ch/share/cms/crab-prod/v3.251020.00/lib/CRABClient/ClientUtilities.py", line 392, in createWorkArea
    raise ConfigException("Working area '%s' already exists \nPlease change the requestName in the config file" % fullpath)
CRABClient.ClientExceptions.ConfigException: Working area '/eos/home-p/psajdak/CMSSW_14_1_1/src/BsToMuMuGammaAnalysis/RadiativeAnalysis/jobs/BsToJpsiGamma24C/crab_dataset${i}' already exists 
Please change the requestName in the config file
INFO 2026-01-13 22:01:57.254 UTC: 	 Log file is /eos/home-p/psajdak/CMSSW_14_1_1/src/BsToMuMuGammaAnalysis/RadiativeAnalysis/jobs/crab.log
DEBUG 2026-01-13 22:01:59.140 UTC: 	 CRAB Client version: v3.251020
DEBUG 2026-01-13 22:01:59.140 UTC: 	 Running on: Linux lxplus928.cern.ch 5.14.0-611.11.1.el9_7.x86_64 #1 SMP PREEMPT_DYNAMIC Tue Nov 25 05:13:22 EST 2025 x86_64 x86_64 x86_64 GNU/Linux
DEBUG 2026-01-13 22:01:59.140 UTC: 	 Not using Singularity
DEBUG 2026-01-13 22:01:59.140 UTC: 	 Operating System: Red Hat Enterprise Linux 9.7 (Plow)
DEBUG 2026-01-13 22:01:59.140 UTC: 	 Executing command: 'submit'
DEBUG 2026-01-13 22:01:59.140 UTC: 	 Found CRAB cache file /afs/cern.ch/user/p/psajdak/.crab3
INFO 2026-01-13 22:01:59.141 UTC: 	 Will use CRAB configuration file crabConfigData.py
DEBUG 2026-01-13 22:01:59.141 UTC: 	 Loading CRAB configuration file.
DEBUG 2026-01-13 22:01:59.144 UTC: 	 Overriden parameter General.requestName with 'dataset${i}'
DEBUG 2026-01-13 22:01:59.144 UTC: 	 Overriden parameter Data.inputDataset with '/ParkingDoubleMuonLowMass${i}/Run2024C-PromptReco-v1/MINIAOD'
DEBUG 2026-01-13 22:01:59.144 UTC: 	 Will use CRAB plugin ANALYSIS (i.e. will run an analysis job type).
ERROR 2026-01-13 22:01:59.144 UTC: 	 Working area '/eos/home-p/psajdak/CMSSW_14_1_1/src/BsToMuMuGammaAnalysis/RadiativeAnalysis/jobs/BsToJpsiGamma24C/crab_dataset${i}' already exists 
Please change the requestName in the config file
ERROR 2026-01-13 22:01:59.144 UTC: 	 Caught ClientException exception
Traceback (most recent call last):
  File "/cvmfs/cms.cern.ch/share/cms/crab-prod/v3.251020.00/bin/crab.py", line 157, in <module>
    client()
  File "/cvmfs/cms.cern.ch/share/cms/crab-prod/v3.251020.00/bin/crab.py", line 135, in __call__
    self.cmd = sub_cmd(self.logger, args[1:])  # the crab command to be executed
  File "/cvmfs/cms.cern.ch/share/cms/crab-prod/v3.251020.00/lib/CRABClient/Commands/submit.py", line 37, in __init__
    SubCommand.__init__(self, logger, cmdargs, disable_interspersed_args=True)
  File "/cvmfs/cms.cern.ch/share/cms/crab-prod/v3.251020.00/lib/CRABClient/Commands/SubCommand.py", line 328, in __init__
    self.requestarea, self.requestname, self.logfile = createWorkArea(
  File "/cvmfs/cms.cern.ch/share/cms/crab-prod/v3.251020.00/lib/CRABClient/ClientUtilities.py", line 392, in createWorkArea
    raise ConfigException("Working area '%s' already exists \nPlease change the requestName in the config file" % fullpath)
CRABClient.ClientExceptions.ConfigException: Working area '/eos/home-p/psajdak/CMSSW_14_1_1/src/BsToMuMuGammaAnalysis/RadiativeAnalysis/jobs/BsToJpsiGamma24C/crab_dataset${i}' already exists 
Please change the requestName in the config file
INFO 2026-01-13 22:01:59.157 UTC: 	 Log file is /eos/home-p/psajdak/CMSSW_14_1_1/src/BsToMuMuGammaAnalysis/RadiativeAnalysis/jobs/crab.log
DEBUG 2026-01-13 22:02:33.947 UTC: 	 CRAB Client version: v3.251020
DEBUG 2026-01-13 22:02:33.947 UTC: 	 Running on: Linux lxplus928.cern.ch 5.14.0-611.11.1.el9_7.x86_64 #1 SMP PREEMPT_DYNAMIC Tue Nov 25 05:13:22 EST 2025 x86_64 x86_64 x86_64 GNU/Linux
DEBUG 2026-01-13 22:02:33.947 UTC: 	 Not using Singularity
DEBUG 2026-01-13 22:02:33.947 UTC: 	 Operating System: Red Hat Enterprise Linux 9.7 (Plow)
DEBUG 2026-01-13 22:02:33.947 UTC: 	 Executing command: 'submit'
DEBUG 2026-01-13 22:02:33.947 UTC: 	 Found CRAB cache file /afs/cern.ch/user/p/psajdak/.crab3
INFO 2026-01-13 22:02:33.948 UTC: 	 Will use CRAB configuration file crabConfigData.py
DEBUG 2026-01-13 22:02:33.948 UTC: 	 Loading CRAB configuration file.
DEBUG 2026-01-13 22:02:33.950 UTC: 	 Overriden parameter General.requestName with 'datasetX${i}'
DEBUG 2026-01-13 22:02:33.950 UTC: 	 Overriden parameter Data.inputDataset with '/ParkingDoubleMuonLowMass${i}/Run2024C-PromptReco-v1/MINIAOD'
DEBUG 2026-01-13 22:02:33.950 UTC: 	 Will use CRAB plugin ANALYSIS (i.e. will run an analysis job type).
ERROR 2026-01-13 22:02:33.951 UTC: 	 Working area '/eos/home-p/psajdak/CMSSW_14_1_1/src/BsToMuMuGammaAnalysis/RadiativeAnalysis/jobs/BsToJpsiGamma24C/crab_datasetX${i}' already exists 
Please change the requestName in the config file
ERROR 2026-01-13 22:02:33.951 UTC: 	 Caught ClientException exception
Traceback (most recent call last):
  File "/cvmfs/cms.cern.ch/share/cms/crab-prod/v3.251020.00/bin/crab.py", line 157, in <module>
    client()
  File "/cvmfs/cms.cern.ch/share/cms/crab-prod/v3.251020.00/bin/crab.py", line 135, in __call__
    self.cmd = sub_cmd(self.logger, args[1:])  # the crab command to be executed
  File "/cvmfs/cms.cern.ch/share/cms/crab-prod/v3.251020.00/lib/CRABClient/Commands/submit.py", line 37, in __init__
    SubCommand.__init__(self, logger, cmdargs, disable_interspersed_args=True)
  File "/cvmfs/cms.cern.ch/share/cms/crab-prod/v3.251020.00/lib/CRABClient/Commands/SubCommand.py", line 328, in __init__
    self.requestarea, self.requestname, self.logfile = createWorkArea(
  File "/cvmfs/cms.cern.ch/share/cms/crab-prod/v3.251020.00/lib/CRABClient/ClientUtilities.py", line 392, in createWorkArea
    raise ConfigException("Working area '%s' already exists \nPlease change the requestName in the config file" % fullpath)
CRABClient.ClientExceptions.ConfigException: Working area '/eos/home-p/psajdak/CMSSW_14_1_1/src/BsToMuMuGammaAnalysis/RadiativeAnalysis/jobs/BsToJpsiGamma24C/crab_datasetX${i}' already exists 
Please change the requestName in the config file
INFO 2026-01-13 22:02:33.955 UTC: 	 Log file is /eos/home-p/psajdak/CMSSW_14_1_1/src/BsToMuMuGammaAnalysis/RadiativeAnalysis/jobs/crab.log
DEBUG 2026-01-13 22:02:35.773 UTC: 	 CRAB Client version: v3.251020
DEBUG 2026-01-13 22:02:35.773 UTC: 	 Running on: Linux lxplus928.cern.ch 5.14.0-611.11.1.el9_7.x86_64 #1 SMP PREEMPT_DYNAMIC Tue Nov 25 05:13:22 EST 2025 x86_64 x86_64 x86_64 GNU/Linux
DEBUG 2026-01-13 22:02:35.773 UTC: 	 Not using Singularity
DEBUG 2026-01-13 22:02:35.773 UTC: 	 Operating System: Red Hat Enterprise Linux 9.7 (Plow)
DEBUG 2026-01-13 22:02:35.773 UTC: 	 Executing command: 'submit'
DEBUG 2026-01-13 22:02:35.773 UTC: 	 Found CRAB cache file /afs/cern.ch/user/p/psajdak/.crab3
INFO 2026-01-13 22:02:35.774 UTC: 	 Will use CRAB configuration file crabConfigData.py
DEBUG 2026-01-13 22:02:35.774 UTC: 	 Loading CRAB configuration file.
DEBUG 2026-01-13 22:02:35.777 UTC: 	 Overriden parameter General.requestName with 'datasetX${i}'
DEBUG 2026-01-13 22:02:35.777 UTC: 	 Overriden parameter Data.inputDataset with '/ParkingDoubleMuonLowMass${i}/Run2024C-PromptReco-v1/MINIAOD'
DEBUG 2026-01-13 22:02:35.777 UTC: 	 Will use CRAB plugin ANALYSIS (i.e. will run an analysis job type).
ERROR 2026-01-13 22:02:35.777 UTC: 	 Working area '/eos/home-p/psajdak/CMSSW_14_1_1/src/BsToMuMuGammaAnalysis/RadiativeAnalysis/jobs/BsToJpsiGamma24C/crab_datasetX${i}' already exists 
Please change the requestName in the config file
ERROR 2026-01-13 22:02:35.777 UTC: 	 Caught ClientException exception
Traceback (most recent call last):
  File "/cvmfs/cms.cern.ch/share/cms/crab-prod/v3.251020.00/bin/crab.py", line 157, in <module>
    client()
  File "/cvmfs/cms.cern.ch/share/cms/crab-prod/v3.251020.00/bin/crab.py", line 135, in __call__
    self.cmd = sub_cmd(self.logger, args[1:])  # the crab command to be executed
  File "/cvmfs/cms.cern.ch/share/cms/crab-prod/v3.251020.00/lib/CRABClient/Commands/submit.py", line 37, in __init__
    SubCommand.__init__(self, logger, cmdargs, disable_interspersed_args=True)
  File "/cvmfs/cms.cern.ch/share/cms/crab-prod/v3.251020.00/lib/CRABClient/Commands/SubCommand.py", line 328, in __init__
    self.requestarea, self.requestname, self.logfile = createWorkArea(
  File "/cvmfs/cms.cern.ch/share/cms/crab-prod/v3.251020.00/lib/CRABClient/ClientUtilities.py", line 392, in createWorkArea
    raise ConfigException("Working area '%s' already exists \nPlease change the requestName in the config file" % fullpath)
CRABClient.ClientExceptions.ConfigException: Working area '/eos/home-p/psajdak/CMSSW_14_1_1/src/BsToMuMuGammaAnalysis/RadiativeAnalysis/jobs/BsToJpsiGamma24C/crab_datasetX${i}' already exists 
Please change the requestName in the config file
INFO 2026-01-13 22:02:35.781 UTC: 	 Log file is /eos/home-p/psajdak/CMSSW_14_1_1/src/BsToMuMuGammaAnalysis/RadiativeAnalysis/jobs/crab.log
DEBUG 2026-01-13 22:02:37.517 UTC: 	 CRAB Client version: v3.251020
DEBUG 2026-01-13 22:02:37.517 UTC: 	 Running on: Linux lxplus928.cern.ch 5.14.0-611.11.1.el9_7.x86_64 #1 SMP PREEMPT_DYNAMIC Tue Nov 25 05:13:22 EST 2025 x86_64 x86_64 x86_64 GNU/Linux
DEBUG 2026-01-13 22:02:37.517 UTC: 	 Not using Singularity
DEBUG 2026-01-13 22:02:37.517 UTC: 	 Operating System: Red Hat Enterprise Linux 9.7 (Plow)
DEBUG 2026-01-13 22:02:37.517 UTC: 	 Executing command: 'submit'
DEBUG 2026-01-13 22:02:37.517 UTC: 	 Found CRAB cache file /afs/cern.ch/user/p/psajdak/.crab3
INFO 2026-01-13 22:02:37.517 UTC: 	 Will use CRAB configuration file crabConfigData.py
DEBUG 2026-01-13 22:02:37.518 UTC: 	 Loading CRAB configuration file.
DEBUG 2026-01-13 22:02:37.520 UTC: 	 Overriden parameter General.requestName with 'datasetX${i}'
DEBUG 2026-01-13 22:02:37.520 UTC: 	 Overriden parameter Data.inputDataset with '/ParkingDoubleMuonLowMass${i}/Run2024C-PromptReco-v1/MINIAOD'
DEBUG 2026-01-13 22:02:37.520 UTC: 	 Will use CRAB plugin ANALYSIS (i.e. will run an analysis job type).
ERROR 2026-01-13 22:02:37.521 UTC: 	 Working area '/eos/home-p/psajdak/CMSSW_14_1_1/src/BsToMuMuGammaAnalysis/RadiativeAnalysis/jobs/BsToJpsiGamma24C/crab_datasetX${i}' already exists 
Please change the requestName in the config file
ERROR 2026-01-13 22:02:37.521 UTC: 	 Caught ClientException exception
Traceback (most recent call last):
  File "/cvmfs/cms.cern.ch/share/cms/crab-prod/v3.251020.00/bin/crab.py", line 157, in <module>
    client()
  File "/cvmfs/cms.cern.ch/share/cms/crab-prod/v3.251020.00/bin/crab.py", line 135, in __call__
    self.cmd = sub_cmd(self.logger, args[1:])  # the crab command to be executed
  File "/cvmfs/cms.cern.ch/share/cms/crab-prod/v3.251020.00/lib/CRABClient/Commands/submit.py", line 37, in __init__
    SubCommand.__init__(self, logger, cmdargs, disable_interspersed_args=True)
  File "/cvmfs/cms.cern.ch/share/cms/crab-prod/v3.251020.00/lib/CRABClient/Commands/SubCommand.py", line 328, in __init__
    self.requestarea, self.requestname, self.logfile = createWorkArea(
  File "/cvmfs/cms.cern.ch/share/cms/crab-prod/v3.251020.00/lib/CRABClient/ClientUtilities.py", line 392, in createWorkArea
    raise ConfigException("Working area '%s' already exists \nPlease change the requestName in the config file" % fullpath)
CRABClient.ClientExceptions.ConfigException: Working area '/eos/home-p/psajdak/CMSSW_14_1_1/src/BsToMuMuGammaAnalysis/RadiativeAnalysis/jobs/BsToJpsiGamma24C/crab_datasetX${i}' already exists 
Please change the requestName in the config file
INFO 2026-01-13 22:02:37.525 UTC: 	 Log file is /eos/home-p/psajdak/CMSSW_14_1_1/src/BsToMuMuGammaAnalysis/RadiativeAnalysis/jobs/crab.log
DEBUG 2026-01-13 22:02:39.223 UTC: 	 CRAB Client version: v3.251020
DEBUG 2026-01-13 22:02:39.224 UTC: 	 Running on: Linux lxplus928.cern.ch 5.14.0-611.11.1.el9_7.x86_64 #1 SMP PREEMPT_DYNAMIC Tue Nov 25 05:13:22 EST 2025 x86_64 x86_64 x86_64 GNU/Linux
DEBUG 2026-01-13 22:02:39.224 UTC: 	 Not using Singularity
DEBUG 2026-01-13 22:02:39.224 UTC: 	 Operating System: Red Hat Enterprise Linux 9.7 (Plow)
DEBUG 2026-01-13 22:02:39.224 UTC: 	 Executing command: 'submit'
DEBUG 2026-01-13 22:02:39.224 UTC: 	 Found CRAB cache file /afs/cern.ch/user/p/psajdak/.crab3
INFO 2026-01-13 22:02:39.224 UTC: 	 Will use CRAB configuration file crabConfigData.py
DEBUG 2026-01-13 22:02:39.225 UTC: 	 Loading CRAB configuration file.
DEBUG 2026-01-13 22:02:39.227 UTC: 	 Overriden parameter General.requestName with 'datasetX${i}'
DEBUG 2026-01-13 22:02:39.227 UTC: 	 Overriden parameter Data.inputDataset with '/ParkingDoubleMuonLowMass${i}/Run2024C-PromptReco-v1/MINIAOD'
DEBUG 2026-01-13 22:02:39.227 UTC: 	 Will use CRAB plugin ANALYSIS (i.e. will run an analysis job type).
ERROR 2026-01-13 22:02:39.227 UTC: 	 Working area '/eos/home-p/psajdak/CMSSW_14_1_1/src/BsToMuMuGammaAnalysis/RadiativeAnalysis/jobs/BsToJpsiGamma24C/crab_datasetX${i}' already exists 
Please change the requestName in the config file
ERROR 2026-01-13 22:02:39.227 UTC: 	 Caught ClientException exception
Traceback (most recent call last):
  File "/cvmfs/cms.cern.ch/share/cms/crab-prod/v3.251020.00/bin/crab.py", line 157, in <module>
    client()
  File "/cvmfs/cms.cern.ch/share/cms/crab-prod/v3.251020.00/bin/crab.py", line 135, in __call__
    self.cmd = sub_cmd(self.logger, args[1:])  # the crab command to be executed
  File "/cvmfs/cms.cern.ch/share/cms/crab-prod/v3.251020.00/lib/CRABClient/Commands/submit.py", line 37, in __init__
    SubCommand.__init__(self, logger, cmdargs, disable_interspersed_args=True)
  File "/cvmfs/cms.cern.ch/share/cms/crab-prod/v3.251020.00/lib/CRABClient/Commands/SubCommand.py", line 328, in __init__
    self.requestarea, self.requestname, self.logfile = createWorkArea(
  File "/cvmfs/cms.cern.ch/share/cms/crab-prod/v3.251020.00/lib/CRABClient/ClientUtilities.py", line 392, in createWorkArea
    raise ConfigException("Working area '%s' already exists \nPlease change the requestName in the config file" % fullpath)
CRABClient.ClientExceptions.ConfigException: Working area '/eos/home-p/psajdak/CMSSW_14_1_1/src/BsToMuMuGammaAnalysis/RadiativeAnalysis/jobs/BsToJpsiGamma24C/crab_datasetX${i}' already exists 
Please change the requestName in the config file
INFO 2026-01-13 22:02:39.232 UTC: 	 Log file is /eos/home-p/psajdak/CMSSW_14_1_1/src/BsToMuMuGammaAnalysis/RadiativeAnalysis/jobs/crab.log
DEBUG 2026-01-13 22:02:41.060 UTC: 	 CRAB Client version: v3.251020
DEBUG 2026-01-13 22:02:41.060 UTC: 	 Running on: Linux lxplus928.cern.ch 5.14.0-611.11.1.el9_7.x86_64 #1 SMP PREEMPT_DYNAMIC Tue Nov 25 05:13:22 EST 2025 x86_64 x86_64 x86_64 GNU/Linux
DEBUG 2026-01-13 22:02:41.060 UTC: 	 Not using Singularity
DEBUG 2026-01-13 22:02:41.060 UTC: 	 Operating System: Red Hat Enterprise Linux 9.7 (Plow)
DEBUG 2026-01-13 22:02:41.060 UTC: 	 Executing command: 'submit'
DEBUG 2026-01-13 22:02:41.060 UTC: 	 Found CRAB cache file /afs/cern.ch/user/p/psajdak/.crab3
INFO 2026-01-13 22:02:41.061 UTC: 	 Will use CRAB configuration file crabConfigData.py
DEBUG 2026-01-13 22:02:41.061 UTC: 	 Loading CRAB configuration file.
DEBUG 2026-01-13 22:02:41.065 UTC: 	 Overriden parameter General.requestName with 'datasetX${i}'
DEBUG 2026-01-13 22:02:41.065 UTC: 	 Overriden parameter Data.inputDataset with '/ParkingDoubleMuonLowMass${i}/Run2024C-PromptReco-v1/MINIAOD'
DEBUG 2026-01-13 22:02:41.065 UTC: 	 Will use CRAB plugin ANALYSIS (i.e. will run an analysis job type).
ERROR 2026-01-13 22:02:41.065 UTC: 	 Working area '/eos/home-p/psajdak/CMSSW_14_1_1/src/BsToMuMuGammaAnalysis/RadiativeAnalysis/jobs/BsToJpsiGamma24C/crab_datasetX${i}' already exists 
Please change the requestName in the config file
ERROR 2026-01-13 22:02:41.065 UTC: 	 Caught ClientException exception
Traceback (most recent call last):
  File "/cvmfs/cms.cern.ch/share/cms/crab-prod/v3.251020.00/bin/crab.py", line 157, in <module>
    client()
  File "/cvmfs/cms.cern.ch/share/cms/crab-prod/v3.251020.00/bin/crab.py", line 135, in __call__
    self.cmd = sub_cmd(self.logger, args[1:])  # the crab command to be executed
  File "/cvmfs/cms.cern.ch/share/cms/crab-prod/v3.251020.00/lib/CRABClient/Commands/submit.py", line 37, in __init__
    SubCommand.__init__(self, logger, cmdargs, disable_interspersed_args=True)
  File "/cvmfs/cms.cern.ch/share/cms/crab-prod/v3.251020.00/lib/CRABClient/Commands/SubCommand.py", line 328, in __init__
    self.requestarea, self.requestname, self.logfile = createWorkArea(
  File "/cvmfs/cms.cern.ch/share/cms/crab-prod/v3.251020.00/lib/CRABClient/ClientUtilities.py", line 392, in createWorkArea
    raise ConfigException("Working area '%s' already exists \nPlease change the requestName in the config file" % fullpath)
CRABClient.ClientExceptions.ConfigException: Working area '/eos/home-p/psajdak/CMSSW_14_1_1/src/BsToMuMuGammaAnalysis/RadiativeAnalysis/jobs/BsToJpsiGamma24C/crab_datasetX${i}' already exists 
Please change the requestName in the config file
INFO 2026-01-13 22:02:41.071 UTC: 	 Log file is /eos/home-p/psajdak/CMSSW_14_1_1/src/BsToMuMuGammaAnalysis/RadiativeAnalysis/jobs/crab.log
DEBUG 2026-01-13 22:02:43.119 UTC: 	 CRAB Client version: v3.251020
DEBUG 2026-01-13 22:02:43.119 UTC: 	 Running on: Linux lxplus928.cern.ch 5.14.0-611.11.1.el9_7.x86_64 #1 SMP PREEMPT_DYNAMIC Tue Nov 25 05:13:22 EST 2025 x86_64 x86_64 x86_64 GNU/Linux
DEBUG 2026-01-13 22:02:43.120 UTC: 	 Not using Singularity
DEBUG 2026-01-13 22:02:43.120 UTC: 	 Operating System: Red Hat Enterprise Linux 9.7 (Plow)
DEBUG 2026-01-13 22:02:43.120 UTC: 	 Executing command: 'submit'
DEBUG 2026-01-13 22:02:43.120 UTC: 	 Found CRAB cache file /afs/cern.ch/user/p/psajdak/.crab3
INFO 2026-01-13 22:02:43.120 UTC: 	 Will use CRAB configuration file crabConfigData.py
DEBUG 2026-01-13 22:02:43.120 UTC: 	 Loading CRAB configuration file.
DEBUG 2026-01-13 22:02:43.123 UTC: 	 Overriden parameter General.requestName with 'datasetX${i}'
DEBUG 2026-01-13 22:02:43.123 UTC: 	 Overriden parameter Data.inputDataset with '/ParkingDoubleMuonLowMass${i}/Run2024C-PromptReco-v1/MINIAOD'
DEBUG 2026-01-13 22:02:43.123 UTC: 	 Will use CRAB plugin ANALYSIS (i.e. will run an analysis job type).
ERROR 2026-01-13 22:02:43.123 UTC: 	 Working area '/eos/home-p/psajdak/CMSSW_14_1_1/src/BsToMuMuGammaAnalysis/RadiativeAnalysis/jobs/BsToJpsiGamma24C/crab_datasetX${i}' already exists 
Please change the requestName in the config file
ERROR 2026-01-13 22:02:43.124 UTC: 	 Caught ClientException exception
Traceback (most recent call last):
  File "/cvmfs/cms.cern.ch/share/cms/crab-prod/v3.251020.00/bin/crab.py", line 157, in <module>
    client()
  File "/cvmfs/cms.cern.ch/share/cms/crab-prod/v3.251020.00/bin/crab.py", line 135, in __call__
    self.cmd = sub_cmd(self.logger, args[1:])  # the crab command to be executed
  File "/cvmfs/cms.cern.ch/share/cms/crab-prod/v3.251020.00/lib/CRABClient/Commands/submit.py", line 37, in __init__
    SubCommand.__init__(self, logger, cmdargs, disable_interspersed_args=True)
  File "/cvmfs/cms.cern.ch/share/cms/crab-prod/v3.251020.00/lib/CRABClient/Commands/SubCommand.py", line 328, in __init__
    self.requestarea, self.requestname, self.logfile = createWorkArea(
  File "/cvmfs/cms.cern.ch/share/cms/crab-prod/v3.251020.00/lib/CRABClient/ClientUtilities.py", line 392, in createWorkArea
    raise ConfigException("Working area '%s' already exists \nPlease change the requestName in the config file" % fullpath)
CRABClient.ClientExceptions.ConfigException: Working area '/eos/home-p/psajdak/CMSSW_14_1_1/src/BsToMuMuGammaAnalysis/RadiativeAnalysis/jobs/BsToJpsiGamma24C/crab_datasetX${i}' already exists 
Please change the requestName in the config file
INFO 2026-01-13 22:02:43.144 UTC: 	 Log file is /eos/home-p/psajdak/CMSSW_14_1_1/src/BsToMuMuGammaAnalysis/RadiativeAnalysis/jobs/crab.log
DEBUG 2026-01-13 22:02:45.138 UTC: 	 CRAB Client version: v3.251020
DEBUG 2026-01-13 22:02:45.139 UTC: 	 Running on: Linux lxplus928.cern.ch 5.14.0-611.11.1.el9_7.x86_64 #1 SMP PREEMPT_DYNAMIC Tue Nov 25 05:13:22 EST 2025 x86_64 x86_64 x86_64 GNU/Linux
DEBUG 2026-01-13 22:02:45.139 UTC: 	 Not using Singularity
DEBUG 2026-01-13 22:02:45.139 UTC: 	 Operating System: Red Hat Enterprise Linux 9.7 (Plow)
DEBUG 2026-01-13 22:02:45.139 UTC: 	 Executing command: 'submit'
DEBUG 2026-01-13 22:02:45.139 UTC: 	 Found CRAB cache file /afs/cern.ch/user/p/psajdak/.crab3
INFO 2026-01-13 22:02:45.139 UTC: 	 Will use CRAB configuration file crabConfigData.py
DEBUG 2026-01-13 22:02:45.139 UTC: 	 Loading CRAB configuration file.
DEBUG 2026-01-13 22:02:45.142 UTC: 	 Overriden parameter General.requestName with 'datasetX${i}'
DEBUG 2026-01-13 22:02:45.142 UTC: 	 Overriden parameter Data.inputDataset with '/ParkingDoubleMuonLowMass${i}/Run2024C-PromptReco-v1/MINIAOD'
DEBUG 2026-01-13 22:02:45.142 UTC: 	 Will use CRAB plugin ANALYSIS (i.e. will run an analysis job type).
ERROR 2026-01-13 22:02:45.142 UTC: 	 Working area '/eos/home-p/psajdak/CMSSW_14_1_1/src/BsToMuMuGammaAnalysis/RadiativeAnalysis/jobs/BsToJpsiGamma24C/crab_datasetX${i}' already exists 
Please change the requestName in the config file
ERROR 2026-01-13 22:02:45.142 UTC: 	 Caught ClientException exception
Traceback (most recent call last):
  File "/cvmfs/cms.cern.ch/share/cms/crab-prod/v3.251020.00/bin/crab.py", line 157, in <module>
    client()
  File "/cvmfs/cms.cern.ch/share/cms/crab-prod/v3.251020.00/bin/crab.py", line 135, in __call__
    self.cmd = sub_cmd(self.logger, args[1:])  # the crab command to be executed
  File "/cvmfs/cms.cern.ch/share/cms/crab-prod/v3.251020.00/lib/CRABClient/Commands/submit.py", line 37, in __init__
    SubCommand.__init__(self, logger, cmdargs, disable_interspersed_args=True)
  File "/cvmfs/cms.cern.ch/share/cms/crab-prod/v3.251020.00/lib/CRABClient/Commands/SubCommand.py", line 328, in __init__
    self.requestarea, self.requestname, self.logfile = createWorkArea(
  File "/cvmfs/cms.cern.ch/share/cms/crab-prod/v3.251020.00/lib/CRABClient/ClientUtilities.py", line 392, in createWorkArea
    raise ConfigException("Working area '%s' already exists \nPlease change the requestName in the config file" % fullpath)
CRABClient.ClientExceptions.ConfigException: Working area '/eos/home-p/psajdak/CMSSW_14_1_1/src/BsToMuMuGammaAnalysis/RadiativeAnalysis/jobs/BsToJpsiGamma24C/crab_datasetX${i}' already exists 
Please change the requestName in the config file
INFO 2026-01-13 22:02:45.147 UTC: 	 Log file is /eos/home-p/psajdak/CMSSW_14_1_1/src/BsToMuMuGammaAnalysis/RadiativeAnalysis/jobs/crab.log
DEBUG 2026-01-14 11:27:39.526 UTC: 	 CRAB Client version: v3.251020
DEBUG 2026-01-14 11:27:39.526 UTC: 	 Running on: Linux lxplus928.cern.ch 5.14.0-611.11.1.el9_7.x86_64 #1 SMP PREEMPT_DYNAMIC Tue Nov 25 05:13:22 EST 2025 x86_64 x86_64 x86_64 GNU/Linux
DEBUG 2026-01-14 11:27:39.526 UTC: 	 Not using Singularity
DEBUG 2026-01-14 11:27:39.526 UTC: 	 Operating System: Red Hat Enterprise Linux 9.7 (Plow)
DEBUG 2026-01-14 11:27:39.526 UTC: 	 Executing command: 'submit'
DEBUG 2026-01-14 11:27:39.526 UTC: 	 Found CRAB cache file /afs/cern.ch/user/p/psajdak/.crab3
INFO 2026-01-14 11:27:39.528 UTC: 	 Will use CRAB configuration file crabConfigData.py
DEBUG 2026-01-14 11:27:39.528 UTC: 	 Loading CRAB configuration file.
DEBUG 2026-01-14 11:27:39.551 UTC: 	 Will use CRAB plugin ANALYSIS (i.e. will run an analysis job type).
ERROR 2026-01-14 11:27:39.552 UTC: 	 Working area '/eos/home-p/psajdak/CMSSW_14_1_1/src/BsToMuMuGammaAnalysis/RadiativeAnalysis/jobs/BsToJpsiGamma24D/crab_dataset' already exists 
Please change the requestName in the config file
ERROR 2026-01-14 11:27:39.552 UTC: 	 Caught ClientException exception
Traceback (most recent call last):
  File "/cvmfs/cms.cern.ch/share/cms/crab-prod/v3.251020.00/bin/crab.py", line 157, in <module>
    client()
  File "/cvmfs/cms.cern.ch/share/cms/crab-prod/v3.251020.00/bin/crab.py", line 135, in __call__
    self.cmd = sub_cmd(self.logger, args[1:])  # the crab command to be executed
  File "/cvmfs/cms.cern.ch/share/cms/crab-prod/v3.251020.00/lib/CRABClient/Commands/submit.py", line 37, in __init__
    SubCommand.__init__(self, logger, cmdargs, disable_interspersed_args=True)
  File "/cvmfs/cms.cern.ch/share/cms/crab-prod/v3.251020.00/lib/CRABClient/Commands/SubCommand.py", line 328, in __init__
    self.requestarea, self.requestname, self.logfile = createWorkArea(
  File "/cvmfs/cms.cern.ch/share/cms/crab-prod/v3.251020.00/lib/CRABClient/ClientUtilities.py", line 392, in createWorkArea
    raise ConfigException("Working area '%s' already exists \nPlease change the requestName in the config file" % fullpath)
CRABClient.ClientExceptions.ConfigException: Working area '/eos/home-p/psajdak/CMSSW_14_1_1/src/BsToMuMuGammaAnalysis/RadiativeAnalysis/jobs/BsToJpsiGamma24D/crab_dataset' already exists 
Please change the requestName in the config file
INFO 2026-01-14 11:27:39.555 UTC: 	 Log file is /eos/home-p/psajdak/CMSSW_14_1_1/src/BsToMuMuGammaAnalysis/RadiativeAnalysis/jobs/crab.log
DEBUG 2026-01-15 18:01:43.798 UTC: 	 CRAB Client version: v3.251020
DEBUG 2026-01-15 18:01:43.798 UTC: 	 Running on: Linux lxplus928.cern.ch 5.14.0-611.11.1.el9_7.x86_64 #1 SMP PREEMPT_DYNAMIC Tue Nov 25 05:13:22 EST 2025 x86_64 x86_64 x86_64 GNU/Linux
DEBUG 2026-01-15 18:01:43.798 UTC: 	 Not using Singularity
DEBUG 2026-01-15 18:01:43.798 UTC: 	 Operating System: Red Hat Enterprise Linux 9.7 (Plow)
DEBUG 2026-01-15 18:01:43.799 UTC: 	 Executing command: 'status'
DEBUG 2026-01-15 18:01:43.815 UTC: 	 Could not find CRAB cache file /afs/cern.ch/user/p/psajdak/.crab3; creating a new one.
ERROR 2026-01-15 18:01:43.818 UTC: 	 Unhandled Exception!
ERROR 2026-01-15 18:01:43.818 UTC: 	 [Errno 13] Permission denied: '/afs/cern.ch/user/p/psajdak/.crab3.227692'
Traceback (most recent call last):
  File "/cvmfs/cms.cern.ch/share/cms/crab-prod/v3.251020.00/bin/crab.py", line 157, in <module>
    client()
  File "/cvmfs/cms.cern.ch/share/cms/crab-prod/v3.251020.00/bin/crab.py", line 135, in __call__
    self.cmd = sub_cmd(self.logger, args[1:])  # the crab command to be executed
  File "/cvmfs/cms.cern.ch/share/cms/crab-prod/v3.251020.00/lib/CRABClient/Commands/status.py", line 50, in __init__
    SubCommand.__init__(self, logger, cmdargs)
  File "/cvmfs/cms.cern.ch/share/cms/crab-prod/v3.251020.00/lib/CRABClient/Commands/SubCommand.py", line 264, in __init__
    self.crab3dic = self.getConfiDict()
  File "/cvmfs/cms.cern.ch/share/cms/crab-prod/v3.251020.00/lib/CRABClient/Commands/SubCommand.py", line 571, in getConfiDict
    with open(crabCacheFileName_tmp, 'w') as fd:
PermissionError: [Errno 13] Permission denied: '/afs/cern.ch/user/p/psajdak/.crab3.227692'
ERROR 2026-01-15 18:01:43.820 UTC: 	 ERROR: PermissionError: [Errno 13] Permission denied: '/afs/cern.ch/user/p/psajdak/.crab3.227692'
ERROR 2026-01-15 18:01:43.820 UTC: 	 
 Look for more details in crab.log file /eos/home-p/psajdak/CMSSW_14_1_1/src/BsToMuMuGammaAnalysis/RadiativeAnalysis/jobs/crab.log
ERROR 2026-01-15 18:01:43.820 UTC: 	   If you can't figure out the problem, please send email to
ERROR 2026-01-15 18:01:43.821 UTC: 	 	cmstalk+computing-tools@dovecotmta.cern.ch with the crab.log file or crab.log URL.
ERROR 2026-01-15 18:01:43.821 UTC: 	   Please use 'crab uploadlog' to upload the log file /eos/home-p/psajdak/CMSSW_14_1_1/src/BsToMuMuGammaAnalysis/RadiativeAnalysis/jobs/crab.log to the CRAB cache.
DEBUG 2026-01-16 21:27:10.992 UTC: 	 CRAB Client version: v3.251020
DEBUG 2026-01-16 21:27:10.993 UTC: 	 Running on: Linux lxplus945.cern.ch 5.14.0-611.9.1.el9_7.x86_64 #1 SMP PREEMPT_DYNAMIC Sat Nov 15 05:15:45 EST 2025 x86_64 x86_64 x86_64 GNU/Linux
DEBUG 2026-01-16 21:27:10.993 UTC: 	 Not using Singularity
DEBUG 2026-01-16 21:27:10.993 UTC: 	 Operating System: Red Hat Enterprise Linux 9.7 (Plow)
DEBUG 2026-01-16 21:27:10.993 UTC: 	 Executing command: 'status'
DEBUG 2026-01-16 21:27:11.010 UTC: 	 Could not find CRAB cache file /afs/cern.ch/user/p/psajdak/.crab3; creating a new one.
ERROR 2026-01-16 21:27:11.017 UTC: 	 Unhandled Exception!
ERROR 2026-01-16 21:27:11.018 UTC: 	 [Errno 13] Permission denied: '/afs/cern.ch/user/p/psajdak/.crab3.326726'
Traceback (most recent call last):
  File "/cvmfs/cms.cern.ch/share/cms/crab-prod/v3.251020.00/bin/crab.py", line 157, in <module>
    client()
  File "/cvmfs/cms.cern.ch/share/cms/crab-prod/v3.251020.00/bin/crab.py", line 135, in __call__
    self.cmd = sub_cmd(self.logger, args[1:])  # the crab command to be executed
  File "/cvmfs/cms.cern.ch/share/cms/crab-prod/v3.251020.00/lib/CRABClient/Commands/status.py", line 50, in __init__
    SubCommand.__init__(self, logger, cmdargs)
  File "/cvmfs/cms.cern.ch/share/cms/crab-prod/v3.251020.00/lib/CRABClient/Commands/SubCommand.py", line 264, in __init__
    self.crab3dic = self.getConfiDict()
  File "/cvmfs/cms.cern.ch/share/cms/crab-prod/v3.251020.00/lib/CRABClient/Commands/SubCommand.py", line 571, in getConfiDict
    with open(crabCacheFileName_tmp, 'w') as fd:
PermissionError: [Errno 13] Permission denied: '/afs/cern.ch/user/p/psajdak/.crab3.326726'
ERROR 2026-01-16 21:27:11.020 UTC: 	 ERROR: PermissionError: [Errno 13] Permission denied: '/afs/cern.ch/user/p/psajdak/.crab3.326726'
ERROR 2026-01-16 21:27:11.020 UTC: 	 
 Look for more details in crab.log file /eos/home-p/psajdak/CMSSW_14_1_1/src/BsToMuMuGammaAnalysis/RadiativeAnalysis/jobs/crab.log
ERROR 2026-01-16 21:27:11.020 UTC: 	   If you can't figure out the problem, please send email to
ERROR 2026-01-16 21:27:11.021 UTC: 	 	cmstalk+computing-tools@dovecotmta.cern.ch with the crab.log file or crab.log URL.
ERROR 2026-01-16 21:27:11.021 UTC: 	   Please use 'crab uploadlog' to upload the log file /eos/home-p/psajdak/CMSSW_14_1_1/src/BsToMuMuGammaAnalysis/RadiativeAnalysis/jobs/crab.log to the CRAB cache.
DEBUG 2026-01-16 21:30:41.715 UTC: 	 CRAB Client version: v3.251020
DEBUG 2026-01-16 21:30:41.715 UTC: 	 Running on: Linux lxplus961.cern.ch 5.14.0-611.8.1.el9_7.x86_64 #1 SMP PREEMPT_DYNAMIC Thu Nov 13 05:30:00 EST 2025 x86_64 x86_64 x86_64 GNU/Linux
DEBUG 2026-01-16 21:30:41.715 UTC: 	 Not using Singularity
DEBUG 2026-01-16 21:30:41.715 UTC: 	 Operating System: Red Hat Enterprise Linux 9.7 (Plow)
DEBUG 2026-01-16 21:30:41.715 UTC: 	 Executing command: 'status'
DEBUG 2026-01-16 21:30:41.716 UTC: 	 Found CRAB cache file /afs/cern.ch/user/p/psajdak/.crab3
ERROR 2026-01-16 21:30:41.806 UTC: 	 Error: BsToJpsiGammaData24D/dataset7 is not a valid CRAB project directory.
ERROR 2026-01-16 21:30:41.806 UTC: 	 Caught ClientException exception
Traceback (most recent call last):
  File "/cvmfs/cms.cern.ch/share/cms/crab-prod/v3.251020.00/bin/crab.py", line 157, in <module>
    client()
  File "/cvmfs/cms.cern.ch/share/cms/crab-prod/v3.251020.00/bin/crab.py", line 135, in __call__
    self.cmd = sub_cmd(self.logger, args[1:])  # the crab command to be executed
  File "/cvmfs/cms.cern.ch/share/cms/crab-prod/v3.251020.00/lib/CRABClient/Commands/status.py", line 50, in __init__
    SubCommand.__init__(self, logger, cmdargs)
  File "/cvmfs/cms.cern.ch/share/cms/crab-prod/v3.251020.00/lib/CRABClient/Commands/SubCommand.py", line 281, in __init__
    SubCommand.validateOptions(self)
  File "/cvmfs/cms.cern.ch/share/cms/crab-prod/v3.251020.00/lib/CRABClient/Commands/SubCommand.py", line 691, in validateOptions
    raise ConfigurationException(msg)
CRABClient.ClientExceptions.ConfigurationException: [91mError[0m: BsToJpsiGammaData24D/dataset7 is not a valid CRAB project directory.
INFO 2026-01-16 21:30:41.811 UTC: 	 Log file is /eos/home-p/psajdak/CMSSW_14_1_1/src/BsToMuMuGammaAnalysis/RadiativeAnalysis/jobs/crab.log
DEBUG 2026-01-16 21:31:02.016 UTC: 	 CRAB Client version: v3.251020
DEBUG 2026-01-16 21:31:02.016 UTC: 	 Running on: Linux lxplus961.cern.ch 5.14.0-611.8.1.el9_7.x86_64 #1 SMP PREEMPT_DYNAMIC Thu Nov 13 05:30:00 EST 2025 x86_64 x86_64 x86_64 GNU/Linux
DEBUG 2026-01-16 21:31:02.016 UTC: 	 Not using Singularity
DEBUG 2026-01-16 21:31:02.016 UTC: 	 Operating System: Red Hat Enterprise Linux 9.7 (Plow)
DEBUG 2026-01-16 21:31:02.016 UTC: 	 Executing command: 'status'
DEBUG 2026-01-16 21:31:02.016 UTC: 	 Found CRAB cache file /afs/cern.ch/user/p/psajdak/.crab3
ERROR 2026-01-16 21:31:02.017 UTC: 	 Error: BsToJpsiGammaData24D/crab_dataset7 is not a valid CRAB project directory.
ERROR 2026-01-16 21:31:02.017 UTC: 	 Caught ClientException exception
Traceback (most recent call last):
  File "/cvmfs/cms.cern.ch/share/cms/crab-prod/v3.251020.00/bin/crab.py", line 157, in <module>
    client()
  File "/cvmfs/cms.cern.ch/share/cms/crab-prod/v3.251020.00/bin/crab.py", line 135, in __call__
    self.cmd = sub_cmd(self.logger, args[1:])  # the crab command to be executed
  File "/cvmfs/cms.cern.ch/share/cms/crab-prod/v3.251020.00/lib/CRABClient/Commands/status.py", line 50, in __init__
    SubCommand.__init__(self, logger, cmdargs)
  File "/cvmfs/cms.cern.ch/share/cms/crab-prod/v3.251020.00/lib/CRABClient/Commands/SubCommand.py", line 281, in __init__
    SubCommand.validateOptions(self)
  File "/cvmfs/cms.cern.ch/share/cms/crab-prod/v3.251020.00/lib/CRABClient/Commands/SubCommand.py", line 691, in validateOptions
    raise ConfigurationException(msg)
CRABClient.ClientExceptions.ConfigurationException: [91mError[0m: BsToJpsiGammaData24D/crab_dataset7 is not a valid CRAB project directory.
INFO 2026-01-16 21:31:02.023 UTC: 	 Log file is /eos/home-p/psajdak/CMSSW_14_1_1/src/BsToMuMuGammaAnalysis/RadiativeAnalysis/jobs/crab.log
DEBUG 2026-01-17 12:34:37.875 UTC: 	 CRAB Client version: v3.251020
DEBUG 2026-01-17 12:34:37.875 UTC: 	 Running on: Linux pcwaw09 5.14.0-611.5.1.el9_7.x86_64 #1 SMP PREEMPT_DYNAMIC Tue Nov 11 08:09:09 EST 2025 x86_64 x86_64 x86_64 GNU/Linux
DEBUG 2026-01-17 12:34:37.875 UTC: 	 Not using Singularity
DEBUG 2026-01-17 12:34:37.875 UTC: 	 Operating System: AlmaLinux 9.7 (Moss Jungle Cat)
DEBUG 2026-01-17 12:34:37.875 UTC: 	 Executing command: 'report'
DEBUG 2026-01-17 12:34:37.875 UTC: 	 Found CRAB cache file /home/psajdak/.crab3
ERROR 2026-01-17 12:34:37.882 UTC: 	 Cannot find .requestcache file in CRAB project directory /eos/home-p/psajdak/CMSSW_14_1_1/src/BsToMuMuGammaAnalysis/RadiativeAnalysis/jobs/24B_FL_dR_split_BsToJpsiGamma
ERROR 2026-01-17 12:34:37.882 UTC: 	 Caught ClientException exception
Traceback (most recent call last):
  File "/cvmfs/cms.cern.ch/share/cms/crab-prod/v3.251020.00/bin/crab.py", line 157, in <module>
    client()
  File "/cvmfs/cms.cern.ch/share/cms/crab-prod/v3.251020.00/bin/crab.py", line 135, in __call__
    self.cmd = sub_cmd(self.logger, args[1:])  # the crab command to be executed
  File "/cvmfs/cms.cern.ch/share/cms/crab-prod/v3.251020.00/lib/CRABClient/Commands/report.py", line 44, in __init__
    SubCommand.__init__(self, logger, cmdargs)
  File "/cvmfs/cms.cern.ch/share/cms/crab-prod/v3.251020.00/lib/CRABClient/Commands/SubCommand.py", line 281, in __init__
    SubCommand.validateOptions(self)
  File "/cvmfs/cms.cern.ch/share/cms/crab-prod/v3.251020.00/lib/CRABClient/Commands/SubCommand.py", line 695, in validateOptions
    self.loadLocalCache()
  File "/cvmfs/cms.cern.ch/share/cms/crab-prod/v3.251020.00/lib/CRABClient/Commands/SubCommand.py", line 537, in loadLocalCache
    raise ex
  File "/cvmfs/cms.cern.ch/share/cms/crab-prod/v3.251020.00/lib/CRABClient/Commands/SubCommand.py", line 531, in loadLocalCache
    self.cachedinfo, self.logfile = loadCache(self.requestarea, self.logger)
  File "/cvmfs/cms.cern.ch/share/cms/crab-prod/v3.251020.00/lib/CRABClient/ClientUtilities.py", line 445, in loadCache
    raise CachefileNotFoundException(msg)
CRABClient.ClientExceptions.CachefileNotFoundException: Cannot find .requestcache file in CRAB project directory /eos/home-p/psajdak/CMSSW_14_1_1/src/BsToMuMuGammaAnalysis/RadiativeAnalysis/jobs/24B_FL_dR_split_BsToJpsiGamma
INFO 2026-01-17 12:34:37.884 UTC: 	 Log file is /eos/home-p/psajdak/CMSSW_14_1_1/src/BsToMuMuGammaAnalysis/RadiativeAnalysis/jobs/crab.log
DEBUG 2026-01-17 12:34:52.155 UTC: 	 CRAB Client version: v3.251020
DEBUG 2026-01-17 12:34:52.156 UTC: 	 Running on: Linux lxplus961.cern.ch 5.14.0-611.8.1.el9_7.x86_64 #1 SMP PREEMPT_DYNAMIC Thu Nov 13 05:30:00 EST 2025 x86_64 x86_64 x86_64 GNU/Linux
DEBUG 2026-01-17 12:34:52.156 UTC: 	 Not using Singularity
DEBUG 2026-01-17 12:34:52.156 UTC: 	 Operating System: Red Hat Enterprise Linux 9.7 (Plow)
DEBUG 2026-01-17 12:34:52.156 UTC: 	 Executing command: 'report'
DEBUG 2026-01-17 12:34:52.156 UTC: 	 Found CRAB cache file /afs/cern.ch/user/p/psajdak/.crab3
ERROR 2026-01-17 12:34:52.161 UTC: 	 Cannot find .requestcache file in CRAB project directory /eos/home-p/psajdak/CMSSW_14_1_1/src/BsToMuMuGammaAnalysis/RadiativeAnalysis/jobs/24B_FL_dR_split_BsToJpsiGamma
ERROR 2026-01-17 12:34:52.161 UTC: 	 Caught ClientException exception
Traceback (most recent call last):
  File "/cvmfs/cms.cern.ch/share/cms/crab-prod/v3.251020.00/bin/crab.py", line 157, in <module>
    client()
  File "/cvmfs/cms.cern.ch/share/cms/crab-prod/v3.251020.00/bin/crab.py", line 135, in __call__
    self.cmd = sub_cmd(self.logger, args[1:])  # the crab command to be executed
  File "/cvmfs/cms.cern.ch/share/cms/crab-prod/v3.251020.00/lib/CRABClient/Commands/report.py", line 44, in __init__
    SubCommand.__init__(self, logger, cmdargs)
  File "/cvmfs/cms.cern.ch/share/cms/crab-prod/v3.251020.00/lib/CRABClient/Commands/SubCommand.py", line 281, in __init__
    SubCommand.validateOptions(self)
  File "/cvmfs/cms.cern.ch/share/cms/crab-prod/v3.251020.00/lib/CRABClient/Commands/SubCommand.py", line 695, in validateOptions
    self.loadLocalCache()
  File "/cvmfs/cms.cern.ch/share/cms/crab-prod/v3.251020.00/lib/CRABClient/Commands/SubCommand.py", line 537, in loadLocalCache
    raise ex
  File "/cvmfs/cms.cern.ch/share/cms/crab-prod/v3.251020.00/lib/CRABClient/Commands/SubCommand.py", line 531, in loadLocalCache
    self.cachedinfo, self.logfile = loadCache(self.requestarea, self.logger)
  File "/cvmfs/cms.cern.ch/share/cms/crab-prod/v3.251020.00/lib/CRABClient/ClientUtilities.py", line 445, in loadCache
    raise CachefileNotFoundException(msg)
CRABClient.ClientExceptions.CachefileNotFoundException: Cannot find .requestcache file in CRAB project directory /eos/home-p/psajdak/CMSSW_14_1_1/src/BsToMuMuGammaAnalysis/RadiativeAnalysis/jobs/24B_FL_dR_split_BsToJpsiGamma
INFO 2026-01-17 12:34:52.168 UTC: 	 Log file is /eos/home-p/psajdak/CMSSW_14_1_1/src/BsToMuMuGammaAnalysis/RadiativeAnalysis/jobs/crab.log
DEBUG 2026-01-19 17:12:27.090 UTC: 	 CRAB Client version: v3.251020
DEBUG 2026-01-19 17:12:27.090 UTC: 	 Running on: Linux lxplus973.cern.ch 5.14.0-611.11.1.el9_7.x86_64 #1 SMP PREEMPT_DYNAMIC Tue Nov 25 05:13:22 EST 2025 x86_64 x86_64 x86_64 GNU/Linux
DEBUG 2026-01-19 17:12:27.091 UTC: 	 Not using Singularity
DEBUG 2026-01-19 17:12:27.091 UTC: 	 Operating System: Red Hat Enterprise Linux 9.7 (Plow)
DEBUG 2026-01-19 17:12:27.091 UTC: 	 Executing command: 'tasks'
DEBUG 2026-01-19 17:12:27.093 UTC: 	 Found CRAB cache file /afs/cern.ch/user/p/psajdak/.crab3
DEBUG 2026-01-19 17:12:27.094 UTC: 	 Checking credentials
DEBUG 2026-01-19 17:12:27.094 UTC: 	 Found proxy file /tmp/x509up_u183200
DEBUG 2026-01-19 17:12:27.094 UTC: 	 Making sure it has proper VOMS extension
DEBUG 2026-01-19 17:12:27.094 UTC: 	 Executing command :
 voms-proxy-info --vo --file /tmp/x509up_u183200
DEBUG 2026-01-19 17:12:27.145 UTC: 	 output : cms

 error: 
 retcode : 0
DEBUG 2026-01-19 17:12:27.145 UTC: 	 Getting proxy life time left
DEBUG 2026-01-19 17:12:27.145 UTC: 	 Executing command :
 voms-proxy-info --actimeleft --timeleft --file /tmp/x509up_u183200
DEBUG 2026-01-19 17:12:27.168 UTC: 	 output : 42153
42153

 error: 
 retcode : 0
DEBUG 2026-01-19 17:12:27.168 UTC: 	 Proxy valid for 11:42:33 hours
DEBUG 2026-01-19 17:12:27.168 UTC: 	 Encoded data for curl request: subresource=delegatedn
DEBUG 2026-01-19 17:12:27.209 UTC: 	 Registering user credentials on myproxy for /DC=ch/DC=cern/OU=Organic Units/OU=Users/CN=cmscrab/CN=(817881|373708)/CN=Robot: cms crab|/DC=ch/DC=cern/OU=Organic Units/OU=Users/CN=crabint1/CN=373708/CN=Robot: CMS CRAB Integration 1
DEBUG 2026-01-19 17:12:27.209 UTC: 	 Executing command :
 voms-proxy-info --identity --file /tmp/x509up_u183200
DEBUG 2026-01-19 17:12:27.233 UTC: 	 output : /DC=ch/DC=cern/OU=Organic Units/OU=Users/CN=psajdak/CN=887534/CN=Pawel Sajdak

 error: 
 retcode : 0
DEBUG 2026-01-19 17:12:27.233 UTC: 	 Getting myproxy life time left for 2ad9106fd7ae4a9b1ce4cb184f94cae618d249f1
DEBUG 2026-01-19 17:12:27.233 UTC: 	 Executing command :
 myproxy-info -s myproxy.cern.ch -l 2ad9106fd7ae4a9b1ce4cb184f94cae618d249f1
DEBUG 2026-01-19 17:12:27.495 UTC: 	 output : username: 2ad9106fd7ae4a9b1ce4cb184f94cae618d249f1
owner: /DC=ch/DC=cern/OU=Organic Units/OU=Users/CN=psajdak/CN=887534/CN=Pawel Sajdak
  renewal policy: /DC=ch/DC=cern/OU=Organic Units/OU=Users/CN=cmscrab/CN=(817881|373708)/CN=Robot: cms crab|/DC=ch/DC=cern/OU=Organic Units/OU=Users/CN=crabint1/CN=373708/CN=Robot: CMS CRAB Integration 1
  trusted retrieval policy: /DC=ch/DC=cern/OU=Organic Units/OU=Users/CN=cmscrab/CN=(817881|373708)/CN=Robot: cms crab|/DC=ch/DC=cern/OU=Organic Units/OU=Users/CN=crabint1/CN=373708/CN=Robot: CMS CRAB Integration 1
  timeleft: 576:33:50  (24.0 days)

 error: 
 retcode : 0
DEBUG 2026-01-19 17:12:27.495 UTC: 	 Myproxy is valid: 2075580
DEBUG 2026-01-19 17:12:27.495 UTC: 	 Result of myproxy credential check:
  Credential exists on myproxy: username: 2ad9106fd7ae4a9b1ce4cb184f94cae618d249f1  - validity: 24 days, 0:33:00
DEBUG 2026-01-19 17:12:27.495 UTC: 	 Command use: tasks
DEBUG 2026-01-19 17:12:27.495 UTC: 	 Options use: []
DEBUG 2026-01-19 17:12:27.495 UTC: 	 Encoded data for curl request: subresource=version
DEBUG 2026-01-19 17:12:27.533 UTC: 	 CRABClient version: v3.251020
DEBUG 2026-01-19 17:12:27.533 UTC: 	 Instance is prod
DEBUG 2026-01-19 17:12:27.533 UTC: 	 Server base url is cmsweb.cern.ch
DEBUG 2026-01-19 17:12:27.533 UTC: 	 Command api workflow
DEBUG 2026-01-19 17:12:27.534 UTC: 	 Encoded data for curl request: timestamp=2025-12-20
INFO 2026-01-19 17:12:27.642 UTC: 	 
List of tasks from 2025-12-20 until 2026-01-19
INFO 2026-01-19 17:12:27.642 UTC: 	 Beware that STATUS here does not include information from grid jobs
INFO 2026-01-19 17:12:27.643 UTC: 	 ================================================================================
INFO 2026-01-19 17:12:27.643 UTC: 	 NAME								STATUS
INFO 2026-01-19 17:12:27.643 UTC: 	 ================================================================================
INFO 2026-01-19 17:12:27.643 UTC: 	 260117_120620:psajdak_crab_FL_dR_3perJob_dset7
								SUBMITTED
INFO 2026-01-19 17:12:27.643 UTC: 	 --------------------------------------------------------------------------------
INFO 2026-01-19 17:12:27.643 UTC: 	 260117_120555:psajdak_crab_FL_dR_3perJob_dset6
								SUBMITTED
INFO 2026-01-19 17:12:27.643 UTC: 	 --------------------------------------------------------------------------------
INFO 2026-01-19 17:12:27.643 UTC: 	 260117_120534:psajdak_crab_FL_dR_3perJob_dset5
								SUBMITTED
INFO 2026-01-19 17:12:27.643 UTC: 	 --------------------------------------------------------------------------------
INFO 2026-01-19 17:12:27.643 UTC: 	 260117_120515:psajdak_crab_FL_dR_3perJob_dset4
								SUBMITTED
INFO 2026-01-19 17:12:27.643 UTC: 	 --------------------------------------------------------------------------------
INFO 2026-01-19 17:12:27.643 UTC: 	 260117_120453:psajdak_crab_FL_dR_3perJob_dset3
								SUBMITTED
INFO 2026-01-19 17:12:27.643 UTC: 	 --------------------------------------------------------------------------------
INFO 2026-01-19 17:12:27.643 UTC: 	 260117_120433:psajdak_crab_FL_dR_3perJob_dset2
								SUBMITTED
INFO 2026-01-19 17:12:27.643 UTC: 	 --------------------------------------------------------------------------------
INFO 2026-01-19 17:12:27.644 UTC: 	 260117_120413:psajdak_crab_FL_dR_3perJob_dset1
								SUBMITTED
INFO 2026-01-19 17:12:27.644 UTC: 	 --------------------------------------------------------------------------------
INFO 2026-01-19 17:12:27.644 UTC: 	 260117_120353:psajdak_crab_FL_dR_3perJob_dset0
								KILLED
INFO 2026-01-19 17:12:27.644 UTC: 	 --------------------------------------------------------------------------------
INFO 2026-01-19 17:12:27.644 UTC: 	 260117_120334:psajdak_crab_FL_dR_3perJob_dset7
								SUBMITTED
INFO 2026-01-19 17:12:27.644 UTC: 	 --------------------------------------------------------------------------------
INFO 2026-01-19 17:12:27.644 UTC: 	 260117_120314:psajdak_crab_FL_dR_3perJob_dset6
								SUBMITTED
INFO 2026-01-19 17:12:27.644 UTC: 	 --------------------------------------------------------------------------------
INFO 2026-01-19 17:12:27.644 UTC: 	 260117_120254:psajdak_crab_FL_dR_3perJob_dset5
								SUBMITTED
INFO 2026-01-19 17:12:27.644 UTC: 	 --------------------------------------------------------------------------------
INFO 2026-01-19 17:12:27.644 UTC: 	 260117_120234:psajdak_crab_FL_dR_3perJob_dset4
								SUBMITTED
INFO 2026-01-19 17:12:27.644 UTC: 	 --------------------------------------------------------------------------------
INFO 2026-01-19 17:12:27.644 UTC: 	 260117_120213:psajdak_crab_FL_dR_3perJob_dset3
								SUBMITTED
INFO 2026-01-19 17:12:27.644 UTC: 	 --------------------------------------------------------------------------------
INFO 2026-01-19 17:12:27.645 UTC: 	 260117_120152:psajdak_crab_FL_dR_3perJob_dset2
								SUBMITTED
INFO 2026-01-19 17:12:27.645 UTC: 	 --------------------------------------------------------------------------------
INFO 2026-01-19 17:12:27.645 UTC: 	 260117_120132:psajdak_crab_FL_dR_3perJob_dset1
								SUBMITTED
INFO 2026-01-19 17:12:27.645 UTC: 	 --------------------------------------------------------------------------------
INFO 2026-01-19 17:12:27.645 UTC: 	 260117_120111:psajdak_crab_FL_dR_3perJob_dset0
								SUBMITTED
INFO 2026-01-19 17:12:27.645 UTC: 	 --------------------------------------------------------------------------------
INFO 2026-01-19 17:12:27.645 UTC: 	 260116_220312:psajdak_crab_FL_dR_split_dset7
								SUBMITREFUSED
INFO 2026-01-19 17:12:27.645 UTC: 	 --------------------------------------------------------------------------------
INFO 2026-01-19 17:12:27.645 UTC: 	 260116_220245:psajdak_crab_FL_dR_split_dset6
								SUBMITREFUSED
INFO 2026-01-19 17:12:27.645 UTC: 	 --------------------------------------------------------------------------------
INFO 2026-01-19 17:12:27.645 UTC: 	 260116_220224:psajdak_crab_FL_dR_split_dset5
								SUBMITREFUSED
INFO 2026-01-19 17:12:27.645 UTC: 	 --------------------------------------------------------------------------------
INFO 2026-01-19 17:12:27.645 UTC: 	 260116_220203:psajdak_crab_FL_dR_split_dset4
								SUBMITREFUSED
INFO 2026-01-19 17:12:27.646 UTC: 	 --------------------------------------------------------------------------------
INFO 2026-01-19 17:12:27.646 UTC: 	 260116_220141:psajdak_crab_FL_dR_split_dset3
								SUBMITREFUSED
INFO 2026-01-19 17:12:27.646 UTC: 	 --------------------------------------------------------------------------------
INFO 2026-01-19 17:12:27.646 UTC: 	 260116_220120:psajdak_crab_FL_dR_split_dset2
								SUBMITREFUSED
INFO 2026-01-19 17:12:27.646 UTC: 	 --------------------------------------------------------------------------------
INFO 2026-01-19 17:12:27.646 UTC: 	 260116_220100:psajdak_crab_FL_dR_split_dset1
								SUBMITREFUSED
INFO 2026-01-19 17:12:27.646 UTC: 	 --------------------------------------------------------------------------------
INFO 2026-01-19 17:12:27.646 UTC: 	 260116_220037:psajdak_crab_FL_dR_split_dset0
								SUBMITREFUSED
INFO 2026-01-19 17:12:27.646 UTC: 	 --------------------------------------------------------------------------------
INFO 2026-01-19 17:12:27.646 UTC: 	 260116_220018:psajdak_crab_FL_dR_split_dset7
								SUBMITREFUSED
INFO 2026-01-19 17:12:27.646 UTC: 	 --------------------------------------------------------------------------------
INFO 2026-01-19 17:12:27.646 UTC: 	 260116_215954:psajdak_crab_FL_dR_split_dset6
								SUBMITREFUSED
INFO 2026-01-19 17:12:27.646 UTC: 	 --------------------------------------------------------------------------------
INFO 2026-01-19 17:12:27.647 UTC: 	 260116_215931:psajdak_crab_FL_dR_split_dset5
								SUBMITREFUSED
INFO 2026-01-19 17:12:27.647 UTC: 	 --------------------------------------------------------------------------------
INFO 2026-01-19 17:12:27.647 UTC: 	 260116_215910:psajdak_crab_FL_dR_split_dset4
								SUBMITREFUSED
INFO 2026-01-19 17:12:27.647 UTC: 	 --------------------------------------------------------------------------------
INFO 2026-01-19 17:12:27.647 UTC: 	 260116_215850:psajdak_crab_FL_dR_split_dset3
								SUBMITREFUSED
INFO 2026-01-19 17:12:27.647 UTC: 	 --------------------------------------------------------------------------------
INFO 2026-01-19 17:12:27.647 UTC: 	 260116_215830:psajdak_crab_FL_dR_split_dset2
								SUBMITREFUSED
INFO 2026-01-19 17:12:27.647 UTC: 	 --------------------------------------------------------------------------------
INFO 2026-01-19 17:12:27.647 UTC: 	 260116_215810:psajdak_crab_FL_dR_split_dset1
								SUBMITREFUSED
INFO 2026-01-19 17:12:27.647 UTC: 	 --------------------------------------------------------------------------------
INFO 2026-01-19 17:12:27.647 UTC: 	 260116_215751:psajdak_crab_FL_dR_split_dset0
								SUBMITREFUSED
INFO 2026-01-19 17:12:27.647 UTC: 	 --------------------------------------------------------------------------------
INFO 2026-01-19 17:12:27.647 UTC: 	 260116_215512:psajdak_crab_FL_dR_split_dset7
								SUBMITTED
INFO 2026-01-19 17:12:27.647 UTC: 	 --------------------------------------------------------------------------------
INFO 2026-01-19 17:12:27.648 UTC: 	 260116_215451:psajdak_crab_FL_dR_split_dset6
								SUBMITTED
INFO 2026-01-19 17:12:27.648 UTC: 	 --------------------------------------------------------------------------------
INFO 2026-01-19 17:12:27.648 UTC: 	 260116_215430:psajdak_crab_FL_dR_split_dset5
								SUBMITTED
INFO 2026-01-19 17:12:27.648 UTC: 	 --------------------------------------------------------------------------------
INFO 2026-01-19 17:12:27.648 UTC: 	 260116_215409:psajdak_crab_FL_dR_split_dset4
								SUBMITTED
INFO 2026-01-19 17:12:27.648 UTC: 	 --------------------------------------------------------------------------------
INFO 2026-01-19 17:12:27.648 UTC: 	 260116_215349:psajdak_crab_FL_dR_split_dset3
								SUBMITTED
INFO 2026-01-19 17:12:27.648 UTC: 	 --------------------------------------------------------------------------------
INFO 2026-01-19 17:12:27.648 UTC: 	 260116_215329:psajdak_crab_FL_dR_split_dset2
								SUBMITTED
INFO 2026-01-19 17:12:27.648 UTC: 	 --------------------------------------------------------------------------------
INFO 2026-01-19 17:12:27.648 UTC: 	 260116_215308:psajdak_crab_FL_dR_split_dset1
								SUBMITTED
INFO 2026-01-19 17:12:27.648 UTC: 	 --------------------------------------------------------------------------------
INFO 2026-01-19 17:12:27.648 UTC: 	 260116_215248:psajdak_crab_FL_dR_split_dset0
								SUBMITTED
INFO 2026-01-19 17:12:27.650 UTC: 	 --------------------------------------------------------------------------------
INFO 2026-01-19 17:12:27.650 UTC: 	 260116_145152:psajdak_crab_FL_dR_datasetB7
								SUBMITTED
INFO 2026-01-19 17:12:27.650 UTC: 	 --------------------------------------------------------------------------------
INFO 2026-01-19 17:12:27.650 UTC: 	 260116_145128:psajdak_crab_FL_dR_datasetB6
								SUBMITTED
INFO 2026-01-19 17:12:27.650 UTC: 	 --------------------------------------------------------------------------------
INFO 2026-01-19 17:12:27.650 UTC: 	 260116_145106:psajdak_crab_FL_dR_datasetB5
								SUBMITTED
INFO 2026-01-19 17:12:27.650 UTC: 	 --------------------------------------------------------------------------------
INFO 2026-01-19 17:12:27.650 UTC: 	 260116_145043:psajdak_crab_FL_dR_datasetB4
								SUBMITTED
INFO 2026-01-19 17:12:27.651 UTC: 	 --------------------------------------------------------------------------------
INFO 2026-01-19 17:12:27.651 UTC: 	 260116_145020:psajdak_crab_FL_dR_datasetB3
								SUBMITTED
INFO 2026-01-19 17:12:27.651 UTC: 	 --------------------------------------------------------------------------------
INFO 2026-01-19 17:12:27.651 UTC: 	 260116_144957:psajdak_crab_FL_dR_datasetB2
								SUBMITTED
INFO 2026-01-19 17:12:27.651 UTC: 	 --------------------------------------------------------------------------------
INFO 2026-01-19 17:12:27.651 UTC: 	 260116_144934:psajdak_crab_FL_dR_datasetB1
								SUBMITTED
INFO 2026-01-19 17:12:27.651 UTC: 	 --------------------------------------------------------------------------------
INFO 2026-01-19 17:12:27.651 UTC: 	 260116_144911:psajdak_crab_FL_dR_datasetB0
								SUBMITTED
INFO 2026-01-19 17:12:27.651 UTC: 	 --------------------------------------------------------------------------------
INFO 2026-01-19 17:12:27.651 UTC: 	 260116_144446:psajdak_crab_FL_dR_datasetD7
								SUBMITTED
INFO 2026-01-19 17:12:27.651 UTC: 	 --------------------------------------------------------------------------------
INFO 2026-01-19 17:12:27.651 UTC: 	 260116_144423:psajdak_crab_FL_dR_datasetD6
								SUBMITTED
INFO 2026-01-19 17:12:27.651 UTC: 	 --------------------------------------------------------------------------------
INFO 2026-01-19 17:12:27.651 UTC: 	 260116_144402:psajdak_crab_FL_dR_datasetD5
								SUBMITTED
INFO 2026-01-19 17:12:27.652 UTC: 	 --------------------------------------------------------------------------------
INFO 2026-01-19 17:12:27.652 UTC: 	 260116_144340:psajdak_crab_FL_dR_datasetD4
								SUBMITTED
INFO 2026-01-19 17:12:27.652 UTC: 	 --------------------------------------------------------------------------------
INFO 2026-01-19 17:12:27.652 UTC: 	 260116_144318:psajdak_crab_FL_dR_datasetD3
								SUBMITTED
INFO 2026-01-19 17:12:27.652 UTC: 	 --------------------------------------------------------------------------------
INFO 2026-01-19 17:12:27.652 UTC: 	 260116_144255:psajdak_crab_FL_dR_datasetD2
								SUBMITTED
INFO 2026-01-19 17:12:27.652 UTC: 	 --------------------------------------------------------------------------------
INFO 2026-01-19 17:12:27.652 UTC: 	 260116_144231:psajdak_crab_FL_dR_datasetD1
								SUBMITTED
INFO 2026-01-19 17:12:27.652 UTC: 	 --------------------------------------------------------------------------------
INFO 2026-01-19 17:12:27.652 UTC: 	 260116_144210:psajdak_crab_FL_dR_datasetD0
								SUBMITTED
INFO 2026-01-19 17:12:27.652 UTC: 	 --------------------------------------------------------------------------------
INFO 2026-01-19 17:12:27.652 UTC: 	 260116_140957:psajdak_crab_FL_dR_dataset7
								SUBMITTED
INFO 2026-01-19 17:12:27.652 UTC: 	 --------------------------------------------------------------------------------
INFO 2026-01-19 17:12:27.652 UTC: 	 260116_140936:psajdak_crab_FL_dR_dataset6
								SUBMITTED
INFO 2026-01-19 17:12:27.653 UTC: 	 --------------------------------------------------------------------------------
INFO 2026-01-19 17:12:27.653 UTC: 	 260116_140914:psajdak_crab_FL_dR_dataset5
								SUBMITTED
INFO 2026-01-19 17:12:27.653 UTC: 	 --------------------------------------------------------------------------------
INFO 2026-01-19 17:12:27.653 UTC: 	 260116_140852:psajdak_crab_FL_dR_dataset4
								SUBMITTED
INFO 2026-01-19 17:12:27.653 UTC: 	 --------------------------------------------------------------------------------
INFO 2026-01-19 17:12:27.653 UTC: 	 260116_140830:psajdak_crab_FL_dR_dataset3
								SUBMITTED
INFO 2026-01-19 17:12:27.653 UTC: 	 --------------------------------------------------------------------------------
INFO 2026-01-19 17:12:27.653 UTC: 	 260116_140808:psajdak_crab_FL_dR_dataset2
								SUBMITTED
INFO 2026-01-19 17:12:27.653 UTC: 	 --------------------------------------------------------------------------------
INFO 2026-01-19 17:12:27.653 UTC: 	 260116_140745:psajdak_crab_FL_dR_dataset1
								SUBMITTED
INFO 2026-01-19 17:12:27.653 UTC: 	 --------------------------------------------------------------------------------
INFO 2026-01-19 17:12:27.653 UTC: 	 260116_140723:psajdak_crab_FL_dR_dataset0
								SUBMITTED
INFO 2026-01-19 17:12:27.653 UTC: 	 --------------------------------------------------------------------------------
INFO 2026-01-19 17:12:27.653 UTC: 	 260116_140015:psajdak_crab_FL_dR_dataset
								UPLOADED
INFO 2026-01-19 17:12:27.654 UTC: 	 --------------------------------------------------------------------------------
INFO 2026-01-19 17:12:27.654 UTC: 	 260115_184123:psajdak_crab_triggerBit
								SUBMITTED
INFO 2026-01-19 17:12:27.654 UTC: 	 --------------------------------------------------------------------------------
INFO 2026-01-19 17:12:27.654 UTC: 	 260114_112803:psajdak_crab_datasetDR
								UPLOADED
INFO 2026-01-19 17:12:27.654 UTC: 	 --------------------------------------------------------------------------------
INFO 2026-01-19 17:12:27.654 UTC: 	 260114_112434:psajdak_crab_dataset
								SUBMITREFUSED
INFO 2026-01-19 17:12:27.654 UTC: 	 --------------------------------------------------------------------------------
INFO 2026-01-19 17:12:27.654 UTC: 	 260113_221209:psajdak_crab_dataset7
								SUBMITTED
INFO 2026-01-19 17:12:27.654 UTC: 	 --------------------------------------------------------------------------------
INFO 2026-01-19 17:12:27.654 UTC: 	 260113_221156:psajdak_crab_dataset6
								SUBMITTED
INFO 2026-01-19 17:12:27.654 UTC: 	 --------------------------------------------------------------------------------
INFO 2026-01-19 17:12:27.654 UTC: 	 260113_221145:psajdak_crab_dataset5
								SUBMITTED
INFO 2026-01-19 17:12:27.654 UTC: 	 --------------------------------------------------------------------------------
INFO 2026-01-19 17:12:27.654 UTC: 	 260113_221132:psajdak_crab_dataset4
								SUBMITTED
INFO 2026-01-19 17:12:27.655 UTC: 	 --------------------------------------------------------------------------------
INFO 2026-01-19 17:12:27.655 UTC: 	 260113_221120:psajdak_crab_dataset3
								SUBMITTED
INFO 2026-01-19 17:12:27.655 UTC: 	 --------------------------------------------------------------------------------
INFO 2026-01-19 17:12:27.655 UTC: 	 260113_221108:psajdak_crab_dataset2
								SUBMITTED
INFO 2026-01-19 17:12:27.655 UTC: 	 --------------------------------------------------------------------------------
INFO 2026-01-19 17:12:27.655 UTC: 	 260113_221056:psajdak_crab_dataset1
								SUBMITTED
INFO 2026-01-19 17:12:27.655 UTC: 	 --------------------------------------------------------------------------------
INFO 2026-01-19 17:12:27.655 UTC: 	 260113_221044:psajdak_crab_dataset0
								SUBMITTED
INFO 2026-01-19 17:12:27.655 UTC: 	 --------------------------------------------------------------------------------
INFO 2026-01-19 17:12:27.655 UTC: 	 260113_220517:psajdak_crab_datasetXX7
								SUBMITTED
INFO 2026-01-19 17:12:27.655 UTC: 	 --------------------------------------------------------------------------------
INFO 2026-01-19 17:12:27.655 UTC: 	 260113_220506:psajdak_crab_datasetXX6
								SUBMITTED
INFO 2026-01-19 17:12:27.655 UTC: 	 --------------------------------------------------------------------------------
INFO 2026-01-19 17:12:27.655 UTC: 	 260113_220453:psajdak_crab_datasetXX5
								SUBMITTED
INFO 2026-01-19 17:12:27.656 UTC: 	 --------------------------------------------------------------------------------
INFO 2026-01-19 17:12:27.656 UTC: 	 260113_220440:psajdak_crab_datasetXX4
								SUBMITTED
INFO 2026-01-19 17:12:27.656 UTC: 	 --------------------------------------------------------------------------------
INFO 2026-01-19 17:12:27.656 UTC: 	 260113_220428:psajdak_crab_datasetXX3
								SUBMITTED
INFO 2026-01-19 17:12:27.656 UTC: 	 --------------------------------------------------------------------------------
INFO 2026-01-19 17:12:27.656 UTC: 	 260113_220416:psajdak_crab_datasetXX2
								SUBMITTED
INFO 2026-01-19 17:12:27.656 UTC: 	 --------------------------------------------------------------------------------
INFO 2026-01-19 17:12:27.656 UTC: 	 260113_220404:psajdak_crab_datasetXX1
								SUBMITTED
INFO 2026-01-19 17:12:27.656 UTC: 	 --------------------------------------------------------------------------------
INFO 2026-01-19 17:12:27.656 UTC: 	 260113_220352:psajdak_crab_datasetXX0
								SUBMITTED
INFO 2026-01-19 17:12:27.656 UTC: 	 --------------------------------------------------------------------------------
INFO 2026-01-19 17:12:27.656 UTC: 	 260113_174718:psajdak_crab_wFlightPath_allMC
								SUBMITTED
INFO 2026-01-19 17:12:27.657 UTC: 	 --------------------------------------------------------------------------------
INFO 2026-01-19 17:12:27.657 UTC: 	 260102_202059:psajdak_crab_dataset7
								SUBMITTED
INFO 2026-01-19 17:12:27.657 UTC: 	 --------------------------------------------------------------------------------
INFO 2026-01-19 17:12:27.657 UTC: 	 260102_202032:psajdak_crab_dataset6
								SUBMITTED
INFO 2026-01-19 17:12:27.657 UTC: 	 --------------------------------------------------------------------------------
INFO 2026-01-19 17:12:27.657 UTC: 	 260102_202006:psajdak_crab_dataset5
								SUBMITTED
INFO 2026-01-19 17:12:27.657 UTC: 	 --------------------------------------------------------------------------------
INFO 2026-01-19 17:12:27.657 UTC: 	 260102_201940:psajdak_crab_dataset4
								SUBMITTED
INFO 2026-01-19 17:12:27.657 UTC: 	 --------------------------------------------------------------------------------
INFO 2026-01-19 17:12:27.657 UTC: 	 260102_201913:psajdak_crab_dataset3
								SUBMITTED
INFO 2026-01-19 17:12:27.657 UTC: 	 --------------------------------------------------------------------------------
INFO 2026-01-19 17:12:27.657 UTC: 	 260102_201846:psajdak_crab_dataset2
								SUBMITTED
INFO 2026-01-19 17:12:27.657 UTC: 	 --------------------------------------------------------------------------------
INFO 2026-01-19 17:12:27.657 UTC: 	 260102_201822:psajdak_crab_dataset1
								SUBMITTED
INFO 2026-01-19 17:12:27.657 UTC: 	 --------------------------------------------------------------------------------
INFO 2026-01-19 17:12:27.658 UTC: 	 260102_201752:psajdak_crab_dataset0
								SUBMITTED
INFO 2026-01-19 17:12:27.658 UTC: 	 --------------------------------------------------------------------------------
INFO 2026-01-19 17:12:27.658 UTC: 	 260102_183225:psajdak_crab_dataset7
								SUBMITTED
INFO 2026-01-19 17:12:27.658 UTC: 	 --------------------------------------------------------------------------------
INFO 2026-01-19 17:12:27.658 UTC: 	 260102_183159:psajdak_crab_dataset6
								SUBMITTED
INFO 2026-01-19 17:12:27.658 UTC: 	 --------------------------------------------------------------------------------
INFO 2026-01-19 17:12:27.658 UTC: 	 260102_183133:psajdak_crab_dataset5
								SUBMITTED
INFO 2026-01-19 17:12:27.658 UTC: 	 --------------------------------------------------------------------------------
INFO 2026-01-19 17:12:27.658 UTC: 	 260102_183107:psajdak_crab_dataset4
								SUBMITTED
INFO 2026-01-19 17:12:27.658 UTC: 	 --------------------------------------------------------------------------------
INFO 2026-01-19 17:12:27.658 UTC: 	 260102_183023:psajdak_crab_dataset3
								SUBMITTED
INFO 2026-01-19 17:12:27.658 UTC: 	 --------------------------------------------------------------------------------
INFO 2026-01-19 17:12:27.658 UTC: 	 260102_182956:psajdak_crab_dataset2
								SUBMITTED
INFO 2026-01-19 17:12:27.658 UTC: 	 --------------------------------------------------------------------------------
INFO 2026-01-19 17:12:27.658 UTC: 	 260102_160903:psajdak_crab_dataset1
								SUBMITTED
INFO 2026-01-19 17:12:27.659 UTC: 	 --------------------------------------------------------------------------------
INFO 2026-01-19 17:12:27.659 UTC: 	 260102_141904:psajdak_crab_dataset0_fixed
								SUBMITTED
INFO 2026-01-19 17:12:27.659 UTC: 	 --------------------------------------------------------------------------------
INFO 2026-01-19 17:12:27.659 UTC: 	 260101_195941:psajdak_crab_M_MuMuGamma_tuple_RecoOnly_allMC
								SUBMITTED
INFO 2026-01-19 17:12:27.659 UTC: 	 --------------------------------------------------------------------------------
INFO 2026-01-19 17:12:27.659 UTC: 	 251231_171052:psajdak_crab_M_MuMuGamma_tuple_RecoOnly_allMC
								SUBMITTED
INFO 2026-01-19 17:12:27.659 UTC: 	 --------------------------------------------------------------------------------
INFO 2026-01-19 17:12:27.659 UTC: 	 251230_212757:psajdak_crab_M_MuMuGamma_tuple_allMC_fixed
								SUBMITTED
INFO 2026-01-19 17:12:27.659 UTC: 	 --------------------------------------------------------------------------------
INFO 2026-01-19 17:12:27.659 UTC: 	 251230_174216:psajdak_crab_M_MuMuGamma_tuple_allMC
								SUBMITTED
INFO 2026-01-19 17:12:27.659 UTC: 	 --------------------------------------------------------------------------------
INFO 2026-01-19 17:12:27.659 UTC: 	 251229_174712:psajdak_crab_deltaR_dimuonPhoton_eta_allMC
								SUBMITTED
INFO 2026-01-19 17:12:27.659 UTC: 	 --------------------------------------------------------------------------------
INFO 2026-01-19 17:12:27.659 UTC: 	 251229_150319:psajdak_crab_deltaR_dimuon_photon_allMC_newHistoRanges
								SUBMITTED
INFO 2026-01-19 17:12:27.659 UTC: 	 --------------------------------------------------------------------------------
INFO 2026-01-19 17:12:27.660 UTC: 	 251229_121432:psajdak_crab_deltaR_dimuon_photon_allMC
								SUBMITTED
INFO 2026-01-19 17:12:27.660 UTC: 	 --------------------------------------------------------------------------------
INFO 2026-01-19 17:12:27.660 UTC: 	 251229_111604:psajdak_crab_deltaR_dimuon_photon_1
								SUBMITTED
INFO 2026-01-19 17:12:27.660 UTC: 	 --------------------------------------------------------------------------------
INFO 2026-01-19 17:12:27.660 UTC: 	 251228_202726:psajdak_crab_deltaR_dimuon_photon_0
								SUBMITTED
INFO 2026-01-19 17:12:27.660 UTC: 	 --------------------------------------------------------------------------------
INFO 2026-01-19 17:12:27.660 UTC: 	 251228_202312:psajdak_crab_deltaR_dimuon_photon_0
								SUBMITTED
INFO 2026-01-19 17:12:27.660 UTC: 	 --------------------------------------------------------------------------------
INFO 2026-01-19 17:12:27.660 UTC: 	 

WARNING 2026-01-19 17:12:27.660 UTC: 	 ATTENTION return value for 'tasks' has been changed to a dictionary
 format is {'commandStatus': 'SUCCESS' or 'FAILED',
            'tasklist': list of [task, status] lists as before}
INFO 2026-01-19 17:12:27.685 UTC: 	 Log file is /eos/home-p/psajdak/CMSSW_14_1_1/src/BsToMuMuGammaAnalysis/RadiativeAnalysis/jobs/crab.log
DEBUG 2026-01-19 17:15:35.938 UTC: 	 CRAB Client version: v3.251020
DEBUG 2026-01-19 17:15:35.938 UTC: 	 Running on: Linux lxplus973.cern.ch 5.14.0-611.11.1.el9_7.x86_64 #1 SMP PREEMPT_DYNAMIC Tue Nov 25 05:13:22 EST 2025 x86_64 x86_64 x86_64 GNU/Linux
DEBUG 2026-01-19 17:15:35.938 UTC: 	 Not using Singularity
DEBUG 2026-01-19 17:15:35.938 UTC: 	 Operating System: Red Hat Enterprise Linux 9.7 (Plow)
DEBUG 2026-01-19 17:15:35.938 UTC: 	 Executing command: 'kill'
DEBUG 2026-01-19 17:15:35.938 UTC: 	 Found CRAB cache file /afs/cern.ch/user/p/psajdak/.crab3
DEBUG 2026-01-19 17:20:00.148 UTC: 	 CRAB Client version: v3.251020
DEBUG 2026-01-19 17:20:00.148 UTC: 	 Running on: Linux lxplus973.cern.ch 5.14.0-611.11.1.el9_7.x86_64 #1 SMP PREEMPT_DYNAMIC Tue Nov 25 05:13:22 EST 2025 x86_64 x86_64 x86_64 GNU/Linux
DEBUG 2026-01-19 17:20:00.148 UTC: 	 Not using Singularity
DEBUG 2026-01-19 17:20:00.148 UTC: 	 Operating System: Red Hat Enterprise Linux 9.7 (Plow)
DEBUG 2026-01-19 17:20:00.148 UTC: 	 Executing command: 'tasks'
DEBUG 2026-01-19 17:20:00.148 UTC: 	 Found CRAB cache file /afs/cern.ch/user/p/psajdak/.crab3
DEBUG 2026-01-19 17:20:00.149 UTC: 	 Checking credentials
DEBUG 2026-01-19 17:20:00.149 UTC: 	 Found proxy file /tmp/x509up_u183200
DEBUG 2026-01-19 17:20:00.149 UTC: 	 Making sure it has proper VOMS extension
DEBUG 2026-01-19 17:20:00.149 UTC: 	 Executing command :
 voms-proxy-info --vo --file /tmp/x509up_u183200
DEBUG 2026-01-19 17:20:00.183 UTC: 	 output : cms

 error: 
 retcode : 0
DEBUG 2026-01-19 17:20:00.183 UTC: 	 Getting proxy life time left
DEBUG 2026-01-19 17:20:00.183 UTC: 	 Executing command :
 voms-proxy-info --actimeleft --timeleft --file /tmp/x509up_u183200
DEBUG 2026-01-19 17:20:00.216 UTC: 	 output : 41700
41700

 error: 
 retcode : 0
DEBUG 2026-01-19 17:20:00.216 UTC: 	 Proxy valid for 11:35:00 hours
DEBUG 2026-01-19 17:20:00.216 UTC: 	 Encoded data for curl request: subresource=delegatedn
DEBUG 2026-01-19 17:20:00.287 UTC: 	 Registering user credentials on myproxy for /DC=ch/DC=cern/OU=Organic Units/OU=Users/CN=cmscrab/CN=(817881|373708)/CN=Robot: cms crab|/DC=ch/DC=cern/OU=Organic Units/OU=Users/CN=crabint1/CN=373708/CN=Robot: CMS CRAB Integration 1
DEBUG 2026-01-19 17:20:00.287 UTC: 	 Executing command :
 voms-proxy-info --identity --file /tmp/x509up_u183200
DEBUG 2026-01-19 17:20:00.323 UTC: 	 output : /DC=ch/DC=cern/OU=Organic Units/OU=Users/CN=psajdak/CN=887534/CN=Pawel Sajdak

 error: 
 retcode : 0
DEBUG 2026-01-19 17:20:00.323 UTC: 	 Getting myproxy life time left for 2ad9106fd7ae4a9b1ce4cb184f94cae618d249f1
DEBUG 2026-01-19 17:20:00.323 UTC: 	 Executing command :
 myproxy-info -s myproxy.cern.ch -l 2ad9106fd7ae4a9b1ce4cb184f94cae618d249f1
DEBUG 2026-01-19 17:20:00.616 UTC: 	 output : username: 2ad9106fd7ae4a9b1ce4cb184f94cae618d249f1
owner: /DC=ch/DC=cern/OU=Organic Units/OU=Users/CN=psajdak/CN=887534/CN=Pawel Sajdak
  renewal policy: /DC=ch/DC=cern/OU=Organic Units/OU=Users/CN=cmscrab/CN=(817881|373708)/CN=Robot: cms crab|/DC=ch/DC=cern/OU=Organic Units/OU=Users/CN=crabint1/CN=373708/CN=Robot: CMS CRAB Integration 1
  trusted retrieval policy: /DC=ch/DC=cern/OU=Organic Units/OU=Users/CN=cmscrab/CN=(817881|373708)/CN=Robot: cms crab|/DC=ch/DC=cern/OU=Organic Units/OU=Users/CN=crabint1/CN=373708/CN=Robot: CMS CRAB Integration 1
  timeleft: 576:26:17  (24.0 days)

 error: 
 retcode : 0
DEBUG 2026-01-19 17:20:00.616 UTC: 	 Myproxy is valid: 2075160
DEBUG 2026-01-19 17:20:00.616 UTC: 	 Result of myproxy credential check:
  Credential exists on myproxy: username: 2ad9106fd7ae4a9b1ce4cb184f94cae618d249f1  - validity: 24 days, 0:26:00
DEBUG 2026-01-19 17:20:00.616 UTC: 	 Command use: tasks
DEBUG 2026-01-19 17:20:00.616 UTC: 	 Options use: []
DEBUG 2026-01-19 17:20:00.616 UTC: 	 Encoded data for curl request: subresource=version
DEBUG 2026-01-19 17:20:00.665 UTC: 	 CRABClient version: v3.251020
DEBUG 2026-01-19 17:20:00.665 UTC: 	 Instance is prod
DEBUG 2026-01-19 17:20:00.665 UTC: 	 Server base url is cmsweb.cern.ch
DEBUG 2026-01-19 17:20:00.665 UTC: 	 Command api workflow
DEBUG 2026-01-19 17:20:00.666 UTC: 	 Encoded data for curl request: timestamp=2025-12-20
INFO 2026-01-19 17:20:00.782 UTC: 	 
List of tasks from 2025-12-20 until 2026-01-19
INFO 2026-01-19 17:20:00.782 UTC: 	 Beware that STATUS here does not include information from grid jobs
INFO 2026-01-19 17:20:00.782 UTC: 	 ================================================================================
INFO 2026-01-19 17:20:00.782 UTC: 	 NAME								STATUS
INFO 2026-01-19 17:20:00.782 UTC: 	 ================================================================================
INFO 2026-01-19 17:20:00.782 UTC: 	 260117_120620:psajdak_crab_FL_dR_3perJob_dset7
								NEW
INFO 2026-01-19 17:20:00.782 UTC: 	 --------------------------------------------------------------------------------
INFO 2026-01-19 17:20:00.782 UTC: 	 260117_120555:psajdak_crab_FL_dR_3perJob_dset6
								NEW
INFO 2026-01-19 17:20:00.782 UTC: 	 --------------------------------------------------------------------------------
INFO 2026-01-19 17:20:00.782 UTC: 	 260117_120534:psajdak_crab_FL_dR_3perJob_dset5
								NEW
INFO 2026-01-19 17:20:00.782 UTC: 	 --------------------------------------------------------------------------------
INFO 2026-01-19 17:20:00.782 UTC: 	 260117_120515:psajdak_crab_FL_dR_3perJob_dset4
								NEW
INFO 2026-01-19 17:20:00.782 UTC: 	 --------------------------------------------------------------------------------
INFO 2026-01-19 17:20:00.782 UTC: 	 260117_120453:psajdak_crab_FL_dR_3perJob_dset3
								NEW
INFO 2026-01-19 17:20:00.782 UTC: 	 --------------------------------------------------------------------------------
INFO 2026-01-19 17:20:00.782 UTC: 	 260117_120433:psajdak_crab_FL_dR_3perJob_dset2
								KILLED
INFO 2026-01-19 17:20:00.782 UTC: 	 --------------------------------------------------------------------------------
INFO 2026-01-19 17:20:00.782 UTC: 	 260117_120413:psajdak_crab_FL_dR_3perJob_dset1
								KILLED
INFO 2026-01-19 17:20:00.782 UTC: 	 --------------------------------------------------------------------------------
INFO 2026-01-19 17:20:00.782 UTC: 	 260117_120353:psajdak_crab_FL_dR_3perJob_dset0
								KILLED
INFO 2026-01-19 17:20:00.782 UTC: 	 --------------------------------------------------------------------------------
INFO 2026-01-19 17:20:00.782 UTC: 	 260117_120334:psajdak_crab_FL_dR_3perJob_dset7
								SUBMITTED
INFO 2026-01-19 17:20:00.782 UTC: 	 --------------------------------------------------------------------------------
INFO 2026-01-19 17:20:00.782 UTC: 	 260117_120314:psajdak_crab_FL_dR_3perJob_dset6
								SUBMITTED
INFO 2026-01-19 17:20:00.782 UTC: 	 --------------------------------------------------------------------------------
INFO 2026-01-19 17:20:00.782 UTC: 	 260117_120254:psajdak_crab_FL_dR_3perJob_dset5
								SUBMITTED
INFO 2026-01-19 17:20:00.782 UTC: 	 --------------------------------------------------------------------------------
INFO 2026-01-19 17:20:00.782 UTC: 	 260117_120234:psajdak_crab_FL_dR_3perJob_dset4
								SUBMITTED
INFO 2026-01-19 17:20:00.782 UTC: 	 --------------------------------------------------------------------------------
INFO 2026-01-19 17:20:00.782 UTC: 	 260117_120213:psajdak_crab_FL_dR_3perJob_dset3
								SUBMITTED
INFO 2026-01-19 17:20:00.782 UTC: 	 --------------------------------------------------------------------------------
INFO 2026-01-19 17:20:00.782 UTC: 	 260117_120152:psajdak_crab_FL_dR_3perJob_dset2
								SUBMITTED
INFO 2026-01-19 17:20:00.782 UTC: 	 --------------------------------------------------------------------------------
INFO 2026-01-19 17:20:00.783 UTC: 	 260117_120132:psajdak_crab_FL_dR_3perJob_dset1
								SUBMITTED
INFO 2026-01-19 17:20:00.783 UTC: 	 --------------------------------------------------------------------------------
INFO 2026-01-19 17:20:00.783 UTC: 	 260117_120111:psajdak_crab_FL_dR_3perJob_dset0
								SUBMITTED
INFO 2026-01-19 17:20:00.783 UTC: 	 --------------------------------------------------------------------------------
INFO 2026-01-19 17:20:00.783 UTC: 	 260116_220312:psajdak_crab_FL_dR_split_dset7
								SUBMITREFUSED
INFO 2026-01-19 17:20:00.783 UTC: 	 --------------------------------------------------------------------------------
INFO 2026-01-19 17:20:00.783 UTC: 	 260116_220245:psajdak_crab_FL_dR_split_dset6
								SUBMITREFUSED
INFO 2026-01-19 17:20:00.783 UTC: 	 --------------------------------------------------------------------------------
INFO 2026-01-19 17:20:00.783 UTC: 	 260116_220224:psajdak_crab_FL_dR_split_dset5
								SUBMITREFUSED
INFO 2026-01-19 17:20:00.783 UTC: 	 --------------------------------------------------------------------------------
INFO 2026-01-19 17:20:00.783 UTC: 	 260116_220203:psajdak_crab_FL_dR_split_dset4
								SUBMITREFUSED
INFO 2026-01-19 17:20:00.783 UTC: 	 --------------------------------------------------------------------------------
INFO 2026-01-19 17:20:00.783 UTC: 	 260116_220141:psajdak_crab_FL_dR_split_dset3
								SUBMITREFUSED
INFO 2026-01-19 17:20:00.783 UTC: 	 --------------------------------------------------------------------------------
INFO 2026-01-19 17:20:00.783 UTC: 	 260116_220120:psajdak_crab_FL_dR_split_dset2
								SUBMITREFUSED
INFO 2026-01-19 17:20:00.783 UTC: 	 --------------------------------------------------------------------------------
INFO 2026-01-19 17:20:00.783 UTC: 	 260116_220100:psajdak_crab_FL_dR_split_dset1
								SUBMITREFUSED
INFO 2026-01-19 17:20:00.783 UTC: 	 --------------------------------------------------------------------------------
INFO 2026-01-19 17:20:00.783 UTC: 	 260116_220037:psajdak_crab_FL_dR_split_dset0
								SUBMITREFUSED
INFO 2026-01-19 17:20:00.783 UTC: 	 --------------------------------------------------------------------------------
INFO 2026-01-19 17:20:00.783 UTC: 	 260116_220018:psajdak_crab_FL_dR_split_dset7
								SUBMITREFUSED
INFO 2026-01-19 17:20:00.783 UTC: 	 --------------------------------------------------------------------------------
INFO 2026-01-19 17:20:00.783 UTC: 	 260116_215954:psajdak_crab_FL_dR_split_dset6
								SUBMITREFUSED
INFO 2026-01-19 17:20:00.783 UTC: 	 --------------------------------------------------------------------------------
INFO 2026-01-19 17:20:00.783 UTC: 	 260116_215931:psajdak_crab_FL_dR_split_dset5
								SUBMITREFUSED
INFO 2026-01-19 17:20:00.783 UTC: 	 --------------------------------------------------------------------------------
INFO 2026-01-19 17:20:00.783 UTC: 	 260116_215910:psajdak_crab_FL_dR_split_dset4
								SUBMITREFUSED
INFO 2026-01-19 17:20:00.783 UTC: 	 --------------------------------------------------------------------------------
INFO 2026-01-19 17:20:00.783 UTC: 	 260116_215850:psajdak_crab_FL_dR_split_dset3
								SUBMITREFUSED
INFO 2026-01-19 17:20:00.783 UTC: 	 --------------------------------------------------------------------------------
INFO 2026-01-19 17:20:00.783 UTC: 	 260116_215830:psajdak_crab_FL_dR_split_dset2
								SUBMITREFUSED
INFO 2026-01-19 17:20:00.783 UTC: 	 --------------------------------------------------------------------------------
INFO 2026-01-19 17:20:00.783 UTC: 	 260116_215810:psajdak_crab_FL_dR_split_dset1
								SUBMITREFUSED
INFO 2026-01-19 17:20:00.783 UTC: 	 --------------------------------------------------------------------------------
INFO 2026-01-19 17:20:00.783 UTC: 	 260116_215751:psajdak_crab_FL_dR_split_dset0
								SUBMITREFUSED
INFO 2026-01-19 17:20:00.783 UTC: 	 --------------------------------------------------------------------------------
INFO 2026-01-19 17:20:00.783 UTC: 	 260116_215512:psajdak_crab_FL_dR_split_dset7
								SUBMITTED
INFO 2026-01-19 17:20:00.783 UTC: 	 --------------------------------------------------------------------------------
INFO 2026-01-19 17:20:00.783 UTC: 	 260116_215451:psajdak_crab_FL_dR_split_dset6
								SUBMITTED
INFO 2026-01-19 17:20:00.783 UTC: 	 --------------------------------------------------------------------------------
INFO 2026-01-19 17:20:00.783 UTC: 	 260116_215430:psajdak_crab_FL_dR_split_dset5
								SUBMITTED
INFO 2026-01-19 17:20:00.783 UTC: 	 --------------------------------------------------------------------------------
INFO 2026-01-19 17:20:00.783 UTC: 	 260116_215409:psajdak_crab_FL_dR_split_dset4
								SUBMITTED
INFO 2026-01-19 17:20:00.783 UTC: 	 --------------------------------------------------------------------------------
INFO 2026-01-19 17:20:00.783 UTC: 	 260116_215349:psajdak_crab_FL_dR_split_dset3
								SUBMITTED
INFO 2026-01-19 17:20:00.783 UTC: 	 --------------------------------------------------------------------------------
INFO 2026-01-19 17:20:00.783 UTC: 	 260116_215329:psajdak_crab_FL_dR_split_dset2
								SUBMITTED
INFO 2026-01-19 17:20:00.783 UTC: 	 --------------------------------------------------------------------------------
INFO 2026-01-19 17:20:00.783 UTC: 	 260116_215308:psajdak_crab_FL_dR_split_dset1
								SUBMITTED
INFO 2026-01-19 17:20:00.783 UTC: 	 --------------------------------------------------------------------------------
INFO 2026-01-19 17:20:00.783 UTC: 	 260116_215248:psajdak_crab_FL_dR_split_dset0
								SUBMITTED
INFO 2026-01-19 17:20:00.785 UTC: 	 --------------------------------------------------------------------------------
INFO 2026-01-19 17:20:00.785 UTC: 	 260116_145152:psajdak_crab_FL_dR_datasetB7
								SUBMITTED
INFO 2026-01-19 17:20:00.785 UTC: 	 --------------------------------------------------------------------------------
INFO 2026-01-19 17:20:00.785 UTC: 	 260116_145128:psajdak_crab_FL_dR_datasetB6
								SUBMITTED
INFO 2026-01-19 17:20:00.785 UTC: 	 --------------------------------------------------------------------------------
INFO 2026-01-19 17:20:00.785 UTC: 	 260116_145106:psajdak_crab_FL_dR_datasetB5
								SUBMITTED
INFO 2026-01-19 17:20:00.785 UTC: 	 --------------------------------------------------------------------------------
INFO 2026-01-19 17:20:00.785 UTC: 	 260116_145043:psajdak_crab_FL_dR_datasetB4
								SUBMITTED
INFO 2026-01-19 17:20:00.785 UTC: 	 --------------------------------------------------------------------------------
INFO 2026-01-19 17:20:00.785 UTC: 	 260116_145020:psajdak_crab_FL_dR_datasetB3
								SUBMITTED
INFO 2026-01-19 17:20:00.785 UTC: 	 --------------------------------------------------------------------------------
INFO 2026-01-19 17:20:00.785 UTC: 	 260116_144957:psajdak_crab_FL_dR_datasetB2
								SUBMITTED
INFO 2026-01-19 17:20:00.785 UTC: 	 --------------------------------------------------------------------------------
INFO 2026-01-19 17:20:00.785 UTC: 	 260116_144934:psajdak_crab_FL_dR_datasetB1
								SUBMITTED
INFO 2026-01-19 17:20:00.785 UTC: 	 --------------------------------------------------------------------------------
INFO 2026-01-19 17:20:00.785 UTC: 	 260116_144911:psajdak_crab_FL_dR_datasetB0
								SUBMITTED
INFO 2026-01-19 17:20:00.785 UTC: 	 --------------------------------------------------------------------------------
INFO 2026-01-19 17:20:00.785 UTC: 	 260116_144446:psajdak_crab_FL_dR_datasetD7
								SUBMITTED
INFO 2026-01-19 17:20:00.785 UTC: 	 --------------------------------------------------------------------------------
INFO 2026-01-19 17:20:00.785 UTC: 	 260116_144423:psajdak_crab_FL_dR_datasetD6
								SUBMITTED
INFO 2026-01-19 17:20:00.785 UTC: 	 --------------------------------------------------------------------------------
INFO 2026-01-19 17:20:00.785 UTC: 	 260116_144402:psajdak_crab_FL_dR_datasetD5
								SUBMITTED
INFO 2026-01-19 17:20:00.785 UTC: 	 --------------------------------------------------------------------------------
INFO 2026-01-19 17:20:00.786 UTC: 	 260116_144340:psajdak_crab_FL_dR_datasetD4
								SUBMITTED
INFO 2026-01-19 17:20:00.787 UTC: 	 --------------------------------------------------------------------------------
INFO 2026-01-19 17:20:00.787 UTC: 	 260116_144318:psajdak_crab_FL_dR_datasetD3
								SUBMITTED
INFO 2026-01-19 17:20:00.787 UTC: 	 --------------------------------------------------------------------------------
INFO 2026-01-19 17:20:00.787 UTC: 	 260116_144255:psajdak_crab_FL_dR_datasetD2
								SUBMITTED
INFO 2026-01-19 17:20:00.787 UTC: 	 --------------------------------------------------------------------------------
INFO 2026-01-19 17:20:00.787 UTC: 	 260116_144231:psajdak_crab_FL_dR_datasetD1
								SUBMITTED
INFO 2026-01-19 17:20:00.787 UTC: 	 --------------------------------------------------------------------------------
INFO 2026-01-19 17:20:00.787 UTC: 	 260116_144210:psajdak_crab_FL_dR_datasetD0
								SUBMITTED
INFO 2026-01-19 17:20:00.788 UTC: 	 --------------------------------------------------------------------------------
INFO 2026-01-19 17:20:00.788 UTC: 	 260116_140957:psajdak_crab_FL_dR_dataset7
								SUBMITTED
INFO 2026-01-19 17:20:00.788 UTC: 	 --------------------------------------------------------------------------------
INFO 2026-01-19 17:20:00.788 UTC: 	 260116_140936:psajdak_crab_FL_dR_dataset6
								SUBMITTED
INFO 2026-01-19 17:20:00.788 UTC: 	 --------------------------------------------------------------------------------
INFO 2026-01-19 17:20:00.788 UTC: 	 260116_140914:psajdak_crab_FL_dR_dataset5
								SUBMITTED
INFO 2026-01-19 17:20:00.789 UTC: 	 --------------------------------------------------------------------------------
INFO 2026-01-19 17:20:00.789 UTC: 	 260116_140852:psajdak_crab_FL_dR_dataset4
								SUBMITTED
INFO 2026-01-19 17:20:00.789 UTC: 	 --------------------------------------------------------------------------------
INFO 2026-01-19 17:20:00.789 UTC: 	 260116_140830:psajdak_crab_FL_dR_dataset3
								SUBMITTED
INFO 2026-01-19 17:20:00.789 UTC: 	 --------------------------------------------------------------------------------
INFO 2026-01-19 17:20:00.789 UTC: 	 260116_140808:psajdak_crab_FL_dR_dataset2
								SUBMITTED
INFO 2026-01-19 17:20:00.790 UTC: 	 --------------------------------------------------------------------------------
INFO 2026-01-19 17:20:00.790 UTC: 	 260116_140745:psajdak_crab_FL_dR_dataset1
								SUBMITTED
INFO 2026-01-19 17:20:00.790 UTC: 	 --------------------------------------------------------------------------------
INFO 2026-01-19 17:20:00.790 UTC: 	 260116_140723:psajdak_crab_FL_dR_dataset0
								SUBMITTED
INFO 2026-01-19 17:20:00.790 UTC: 	 --------------------------------------------------------------------------------
INFO 2026-01-19 17:20:00.790 UTC: 	 260116_140015:psajdak_crab_FL_dR_dataset
								UPLOADED
INFO 2026-01-19 17:20:00.790 UTC: 	 --------------------------------------------------------------------------------
INFO 2026-01-19 17:20:00.791 UTC: 	 260115_184123:psajdak_crab_triggerBit
								SUBMITTED
INFO 2026-01-19 17:20:00.791 UTC: 	 --------------------------------------------------------------------------------
INFO 2026-01-19 17:20:00.791 UTC: 	 260114_112803:psajdak_crab_datasetDR
								UPLOADED
INFO 2026-01-19 17:20:00.791 UTC: 	 --------------------------------------------------------------------------------
INFO 2026-01-19 17:20:00.792 UTC: 	 260114_112434:psajdak_crab_dataset
								SUBMITREFUSED
INFO 2026-01-19 17:20:00.792 UTC: 	 --------------------------------------------------------------------------------
INFO 2026-01-19 17:20:00.792 UTC: 	 260113_221209:psajdak_crab_dataset7
								SUBMITTED
INFO 2026-01-19 17:20:00.792 UTC: 	 --------------------------------------------------------------------------------
INFO 2026-01-19 17:20:00.792 UTC: 	 260113_221156:psajdak_crab_dataset6
								SUBMITTED
INFO 2026-01-19 17:20:00.792 UTC: 	 --------------------------------------------------------------------------------
INFO 2026-01-19 17:20:00.792 UTC: 	 260113_221145:psajdak_crab_dataset5
								SUBMITTED
INFO 2026-01-19 17:20:00.793 UTC: 	 --------------------------------------------------------------------------------
INFO 2026-01-19 17:20:00.793 UTC: 	 260113_221132:psajdak_crab_dataset4
								SUBMITTED
INFO 2026-01-19 17:20:00.793 UTC: 	 --------------------------------------------------------------------------------
INFO 2026-01-19 17:20:00.793 UTC: 	 260113_221120:psajdak_crab_dataset3
								SUBMITTED
INFO 2026-01-19 17:20:00.793 UTC: 	 --------------------------------------------------------------------------------
INFO 2026-01-19 17:20:00.793 UTC: 	 260113_221108:psajdak_crab_dataset2
								SUBMITTED
INFO 2026-01-19 17:20:00.794 UTC: 	 --------------------------------------------------------------------------------
INFO 2026-01-19 17:20:00.794 UTC: 	 260113_221056:psajdak_crab_dataset1
								SUBMITTED
INFO 2026-01-19 17:20:00.794 UTC: 	 --------------------------------------------------------------------------------
INFO 2026-01-19 17:20:00.795 UTC: 	 260113_221044:psajdak_crab_dataset0
								SUBMITTED
INFO 2026-01-19 17:20:00.795 UTC: 	 --------------------------------------------------------------------------------
INFO 2026-01-19 17:20:00.795 UTC: 	 260113_220517:psajdak_crab_datasetXX7
								SUBMITTED
INFO 2026-01-19 17:20:00.795 UTC: 	 --------------------------------------------------------------------------------
INFO 2026-01-19 17:20:00.795 UTC: 	 260113_220506:psajdak_crab_datasetXX6
								SUBMITTED
INFO 2026-01-19 17:20:00.795 UTC: 	 --------------------------------------------------------------------------------
INFO 2026-01-19 17:20:00.795 UTC: 	 260113_220453:psajdak_crab_datasetXX5
								SUBMITTED
INFO 2026-01-19 17:20:00.795 UTC: 	 --------------------------------------------------------------------------------
INFO 2026-01-19 17:20:00.795 UTC: 	 260113_220440:psajdak_crab_datasetXX4
								SUBMITTED
INFO 2026-01-19 17:20:00.795 UTC: 	 --------------------------------------------------------------------------------
INFO 2026-01-19 17:20:00.795 UTC: 	 260113_220428:psajdak_crab_datasetXX3
								SUBMITTED
INFO 2026-01-19 17:20:00.795 UTC: 	 --------------------------------------------------------------------------------
INFO 2026-01-19 17:20:00.795 UTC: 	 260113_220416:psajdak_crab_datasetXX2
								SUBMITTED
INFO 2026-01-19 17:20:00.795 UTC: 	 --------------------------------------------------------------------------------
INFO 2026-01-19 17:20:00.795 UTC: 	 260113_220404:psajdak_crab_datasetXX1
								SUBMITTED
INFO 2026-01-19 17:20:00.795 UTC: 	 --------------------------------------------------------------------------------
INFO 2026-01-19 17:20:00.795 UTC: 	 260113_220352:psajdak_crab_datasetXX0
								SUBMITTED
INFO 2026-01-19 17:20:00.795 UTC: 	 --------------------------------------------------------------------------------
INFO 2026-01-19 17:20:00.795 UTC: 	 260113_174718:psajdak_crab_wFlightPath_allMC
								SUBMITTED
INFO 2026-01-19 17:20:00.795 UTC: 	 --------------------------------------------------------------------------------
INFO 2026-01-19 17:20:00.795 UTC: 	 260102_202059:psajdak_crab_dataset7
								SUBMITTED
INFO 2026-01-19 17:20:00.795 UTC: 	 --------------------------------------------------------------------------------
INFO 2026-01-19 17:20:00.795 UTC: 	 260102_202032:psajdak_crab_dataset6
								SUBMITTED
INFO 2026-01-19 17:20:00.795 UTC: 	 --------------------------------------------------------------------------------
INFO 2026-01-19 17:20:00.795 UTC: 	 260102_202006:psajdak_crab_dataset5
								SUBMITTED
INFO 2026-01-19 17:20:00.795 UTC: 	 --------------------------------------------------------------------------------
INFO 2026-01-19 17:20:00.795 UTC: 	 260102_201940:psajdak_crab_dataset4
								SUBMITTED
INFO 2026-01-19 17:20:00.795 UTC: 	 --------------------------------------------------------------------------------
INFO 2026-01-19 17:20:00.795 UTC: 	 260102_201913:psajdak_crab_dataset3
								SUBMITTED
INFO 2026-01-19 17:20:00.795 UTC: 	 --------------------------------------------------------------------------------
INFO 2026-01-19 17:20:00.795 UTC: 	 260102_201846:psajdak_crab_dataset2
								SUBMITTED
INFO 2026-01-19 17:20:00.795 UTC: 	 --------------------------------------------------------------------------------
INFO 2026-01-19 17:20:00.795 UTC: 	 260102_201822:psajdak_crab_dataset1
								SUBMITTED
INFO 2026-01-19 17:20:00.795 UTC: 	 --------------------------------------------------------------------------------
INFO 2026-01-19 17:20:00.795 UTC: 	 260102_201752:psajdak_crab_dataset0
								SUBMITTED
INFO 2026-01-19 17:20:00.795 UTC: 	 --------------------------------------------------------------------------------
INFO 2026-01-19 17:20:00.795 UTC: 	 260102_183225:psajdak_crab_dataset7
								SUBMITTED
INFO 2026-01-19 17:20:00.795 UTC: 	 --------------------------------------------------------------------------------
INFO 2026-01-19 17:20:00.795 UTC: 	 260102_183159:psajdak_crab_dataset6
								SUBMITTED
INFO 2026-01-19 17:20:00.795 UTC: 	 --------------------------------------------------------------------------------
INFO 2026-01-19 17:20:00.796 UTC: 	 260102_183133:psajdak_crab_dataset5
								SUBMITTED
INFO 2026-01-19 17:20:00.796 UTC: 	 --------------------------------------------------------------------------------
INFO 2026-01-19 17:20:00.796 UTC: 	 260102_183107:psajdak_crab_dataset4
								SUBMITTED
INFO 2026-01-19 17:20:00.796 UTC: 	 --------------------------------------------------------------------------------
INFO 2026-01-19 17:20:00.796 UTC: 	 260102_183023:psajdak_crab_dataset3
								SUBMITTED
INFO 2026-01-19 17:20:00.796 UTC: 	 --------------------------------------------------------------------------------
INFO 2026-01-19 17:20:00.796 UTC: 	 260102_182956:psajdak_crab_dataset2
								SUBMITTED
INFO 2026-01-19 17:20:00.796 UTC: 	 --------------------------------------------------------------------------------
INFO 2026-01-19 17:20:00.796 UTC: 	 260102_160903:psajdak_crab_dataset1
								SUBMITTED
INFO 2026-01-19 17:20:00.796 UTC: 	 --------------------------------------------------------------------------------
INFO 2026-01-19 17:20:00.796 UTC: 	 260102_141904:psajdak_crab_dataset0_fixed
								SUBMITTED
INFO 2026-01-19 17:20:00.796 UTC: 	 --------------------------------------------------------------------------------
INFO 2026-01-19 17:20:00.796 UTC: 	 260101_195941:psajdak_crab_M_MuMuGamma_tuple_RecoOnly_allMC
								SUBMITTED
INFO 2026-01-19 17:20:00.796 UTC: 	 --------------------------------------------------------------------------------
INFO 2026-01-19 17:20:00.796 UTC: 	 251231_171052:psajdak_crab_M_MuMuGamma_tuple_RecoOnly_allMC
								SUBMITTED
INFO 2026-01-19 17:20:00.796 UTC: 	 --------------------------------------------------------------------------------
INFO 2026-01-19 17:20:00.796 UTC: 	 251230_212757:psajdak_crab_M_MuMuGamma_tuple_allMC_fixed
								SUBMITTED
INFO 2026-01-19 17:20:00.796 UTC: 	 --------------------------------------------------------------------------------
INFO 2026-01-19 17:20:00.796 UTC: 	 251230_174216:psajdak_crab_M_MuMuGamma_tuple_allMC
								SUBMITTED
INFO 2026-01-19 17:20:00.796 UTC: 	 --------------------------------------------------------------------------------
INFO 2026-01-19 17:20:00.796 UTC: 	 251229_174712:psajdak_crab_deltaR_dimuonPhoton_eta_allMC
								SUBMITTED
INFO 2026-01-19 17:20:00.796 UTC: 	 --------------------------------------------------------------------------------
INFO 2026-01-19 17:20:00.796 UTC: 	 251229_150319:psajdak_crab_deltaR_dimuon_photon_allMC_newHistoRanges
								SUBMITTED
INFO 2026-01-19 17:20:00.796 UTC: 	 --------------------------------------------------------------------------------
INFO 2026-01-19 17:20:00.796 UTC: 	 251229_121432:psajdak_crab_deltaR_dimuon_photon_allMC
								SUBMITTED
INFO 2026-01-19 17:20:00.796 UTC: 	 --------------------------------------------------------------------------------
INFO 2026-01-19 17:20:00.796 UTC: 	 251229_111604:psajdak_crab_deltaR_dimuon_photon_1
								SUBMITTED
INFO 2026-01-19 17:20:00.796 UTC: 	 --------------------------------------------------------------------------------
INFO 2026-01-19 17:20:00.796 UTC: 	 251228_202726:psajdak_crab_deltaR_dimuon_photon_0
								SUBMITTED
INFO 2026-01-19 17:20:00.796 UTC: 	 --------------------------------------------------------------------------------
INFO 2026-01-19 17:20:00.796 UTC: 	 251228_202312:psajdak_crab_deltaR_dimuon_photon_0
								SUBMITTED
INFO 2026-01-19 17:20:00.796 UTC: 	 --------------------------------------------------------------------------------
INFO 2026-01-19 17:20:00.796 UTC: 	 

WARNING 2026-01-19 17:20:00.796 UTC: 	 ATTENTION return value for 'tasks' has been changed to a dictionary
 format is {'commandStatus': 'SUCCESS' or 'FAILED',
            'tasklist': list of [task, status] lists as before}
INFO 2026-01-19 17:20:00.830 UTC: 	 Log file is /eos/home-p/psajdak/CMSSW_14_1_1/src/BsToMuMuGammaAnalysis/RadiativeAnalysis/jobs/crab.log
DEBUG 2026-01-19 17:20:17.191 UTC: 	 CRAB Client version: v3.251020
DEBUG 2026-01-19 17:20:17.191 UTC: 	 Running on: Linux lxplus973.cern.ch 5.14.0-611.11.1.el9_7.x86_64 #1 SMP PREEMPT_DYNAMIC Tue Nov 25 05:13:22 EST 2025 x86_64 x86_64 x86_64 GNU/Linux
DEBUG 2026-01-19 17:20:17.191 UTC: 	 Not using Singularity
DEBUG 2026-01-19 17:20:17.191 UTC: 	 Operating System: Red Hat Enterprise Linux 9.7 (Plow)
DEBUG 2026-01-19 17:20:17.191 UTC: 	 Executing command: 'tasks'
DEBUG 2026-01-19 17:20:17.191 UTC: 	 Found CRAB cache file /afs/cern.ch/user/p/psajdak/.crab3
DEBUG 2026-01-19 17:20:27.279 UTC: 	 CRAB Client version: v3.251020
DEBUG 2026-01-19 17:20:27.279 UTC: 	 Running on: Linux lxplus973.cern.ch 5.14.0-611.11.1.el9_7.x86_64 #1 SMP PREEMPT_DYNAMIC Tue Nov 25 05:13:22 EST 2025 x86_64 x86_64 x86_64 GNU/Linux
DEBUG 2026-01-19 17:20:27.279 UTC: 	 Not using Singularity
DEBUG 2026-01-19 17:20:27.279 UTC: 	 Operating System: Red Hat Enterprise Linux 9.7 (Plow)
DEBUG 2026-01-19 17:20:27.279 UTC: 	 Executing command: 'tasks'
DEBUG 2026-01-19 17:20:27.279 UTC: 	 Found CRAB cache file /afs/cern.ch/user/p/psajdak/.crab3
DEBUG 2026-01-19 17:20:27.280 UTC: 	 Checking credentials
DEBUG 2026-01-19 17:20:27.280 UTC: 	 Found proxy file /tmp/x509up_u183200
DEBUG 2026-01-19 17:20:27.280 UTC: 	 Making sure it has proper VOMS extension
DEBUG 2026-01-19 17:20:27.280 UTC: 	 Executing command :
 voms-proxy-info --vo --file /tmp/x509up_u183200
DEBUG 2026-01-19 17:20:27.308 UTC: 	 output : cms

 error: 
 retcode : 0
DEBUG 2026-01-19 17:20:27.308 UTC: 	 Getting proxy life time left
DEBUG 2026-01-19 17:20:27.308 UTC: 	 Executing command :
 voms-proxy-info --actimeleft --timeleft --file /tmp/x509up_u183200
DEBUG 2026-01-19 17:20:27.334 UTC: 	 output : 41673
41673

 error: 
 retcode : 0
DEBUG 2026-01-19 17:20:27.334 UTC: 	 Proxy valid for 11:34:33 hours
DEBUG 2026-01-19 17:20:27.334 UTC: 	 Encoded data for curl request: subresource=delegatedn
DEBUG 2026-01-19 17:20:27.374 UTC: 	 Registering user credentials on myproxy for /DC=ch/DC=cern/OU=Organic Units/OU=Users/CN=cmscrab/CN=(817881|373708)/CN=Robot: cms crab|/DC=ch/DC=cern/OU=Organic Units/OU=Users/CN=crabint1/CN=373708/CN=Robot: CMS CRAB Integration 1
DEBUG 2026-01-19 17:20:27.374 UTC: 	 Executing command :
 voms-proxy-info --identity --file /tmp/x509up_u183200
DEBUG 2026-01-19 17:20:27.398 UTC: 	 output : /DC=ch/DC=cern/OU=Organic Units/OU=Users/CN=psajdak/CN=887534/CN=Pawel Sajdak

 error: 
 retcode : 0
DEBUG 2026-01-19 17:20:27.399 UTC: 	 Getting myproxy life time left for 2ad9106fd7ae4a9b1ce4cb184f94cae618d249f1
DEBUG 2026-01-19 17:20:27.399 UTC: 	 Executing command :
 myproxy-info -s myproxy.cern.ch -l 2ad9106fd7ae4a9b1ce4cb184f94cae618d249f1
DEBUG 2026-01-19 17:20:27.666 UTC: 	 output : username: 2ad9106fd7ae4a9b1ce4cb184f94cae618d249f1
owner: /DC=ch/DC=cern/OU=Organic Units/OU=Users/CN=psajdak/CN=887534/CN=Pawel Sajdak
  renewal policy: /DC=ch/DC=cern/OU=Organic Units/OU=Users/CN=cmscrab/CN=(817881|373708)/CN=Robot: cms crab|/DC=ch/DC=cern/OU=Organic Units/OU=Users/CN=crabint1/CN=373708/CN=Robot: CMS CRAB Integration 1
  trusted retrieval policy: /DC=ch/DC=cern/OU=Organic Units/OU=Users/CN=cmscrab/CN=(817881|373708)/CN=Robot: cms crab|/DC=ch/DC=cern/OU=Organic Units/OU=Users/CN=crabint1/CN=373708/CN=Robot: CMS CRAB Integration 1
  timeleft: 576:25:50  (24.0 days)

 error: 
 retcode : 0
DEBUG 2026-01-19 17:20:27.666 UTC: 	 Myproxy is valid: 2075100
DEBUG 2026-01-19 17:20:27.666 UTC: 	 Result of myproxy credential check:
  Credential exists on myproxy: username: 2ad9106fd7ae4a9b1ce4cb184f94cae618d249f1  - validity: 24 days, 0:25:00
DEBUG 2026-01-19 17:20:27.666 UTC: 	 Command use: tasks
DEBUG 2026-01-19 17:20:27.666 UTC: 	 Options use: ['--days=3']
DEBUG 2026-01-19 17:20:27.666 UTC: 	 Encoded data for curl request: subresource=version
DEBUG 2026-01-19 17:20:27.711 UTC: 	 CRABClient version: v3.251020
DEBUG 2026-01-19 17:20:27.711 UTC: 	 Instance is prod
DEBUG 2026-01-19 17:20:27.711 UTC: 	 Server base url is cmsweb.cern.ch
DEBUG 2026-01-19 17:20:27.711 UTC: 	 Command api workflow
DEBUG 2026-01-19 17:20:27.711 UTC: 	 Encoded data for curl request: timestamp=2026-01-16
INFO 2026-01-19 17:20:27.787 UTC: 	 
List of tasks from 2026-01-16 until 2026-01-19
INFO 2026-01-19 17:20:27.787 UTC: 	 Beware that STATUS here does not include information from grid jobs
INFO 2026-01-19 17:20:27.787 UTC: 	 ================================================================================
INFO 2026-01-19 17:20:27.787 UTC: 	 NAME								STATUS
INFO 2026-01-19 17:20:27.787 UTC: 	 ================================================================================
INFO 2026-01-19 17:20:27.787 UTC: 	 260117_120620:psajdak_crab_FL_dR_3perJob_dset7
								HOLDING
INFO 2026-01-19 17:20:27.787 UTC: 	 --------------------------------------------------------------------------------
INFO 2026-01-19 17:20:27.787 UTC: 	 260117_120555:psajdak_crab_FL_dR_3perJob_dset6
								HOLDING
INFO 2026-01-19 17:20:27.787 UTC: 	 --------------------------------------------------------------------------------
INFO 2026-01-19 17:20:27.787 UTC: 	 260117_120534:psajdak_crab_FL_dR_3perJob_dset5
								HOLDING
INFO 2026-01-19 17:20:27.787 UTC: 	 --------------------------------------------------------------------------------
INFO 2026-01-19 17:20:27.787 UTC: 	 260117_120515:psajdak_crab_FL_dR_3perJob_dset4
								HOLDING
INFO 2026-01-19 17:20:27.787 UTC: 	 --------------------------------------------------------------------------------
INFO 2026-01-19 17:20:27.787 UTC: 	 260117_120453:psajdak_crab_FL_dR_3perJob_dset3
								HOLDING
INFO 2026-01-19 17:20:27.787 UTC: 	 --------------------------------------------------------------------------------
INFO 2026-01-19 17:20:27.787 UTC: 	 260117_120433:psajdak_crab_FL_dR_3perJob_dset2
								KILLED
INFO 2026-01-19 17:20:27.787 UTC: 	 --------------------------------------------------------------------------------
INFO 2026-01-19 17:20:27.787 UTC: 	 260117_120413:psajdak_crab_FL_dR_3perJob_dset1
								KILLED
INFO 2026-01-19 17:20:27.787 UTC: 	 --------------------------------------------------------------------------------
INFO 2026-01-19 17:20:27.787 UTC: 	 260117_120353:psajdak_crab_FL_dR_3perJob_dset0
								KILLED
INFO 2026-01-19 17:20:27.787 UTC: 	 --------------------------------------------------------------------------------
INFO 2026-01-19 17:20:27.787 UTC: 	 260117_120334:psajdak_crab_FL_dR_3perJob_dset7
								SUBMITTED
INFO 2026-01-19 17:20:27.787 UTC: 	 --------------------------------------------------------------------------------
INFO 2026-01-19 17:20:27.787 UTC: 	 260117_120314:psajdak_crab_FL_dR_3perJob_dset6
								SUBMITTED
INFO 2026-01-19 17:20:27.787 UTC: 	 --------------------------------------------------------------------------------
INFO 2026-01-19 17:20:27.787 UTC: 	 260117_120254:psajdak_crab_FL_dR_3perJob_dset5
								SUBMITTED
INFO 2026-01-19 17:20:27.787 UTC: 	 --------------------------------------------------------------------------------
INFO 2026-01-19 17:20:27.787 UTC: 	 260117_120234:psajdak_crab_FL_dR_3perJob_dset4
								SUBMITTED
INFO 2026-01-19 17:20:27.787 UTC: 	 --------------------------------------------------------------------------------
INFO 2026-01-19 17:20:27.787 UTC: 	 260117_120213:psajdak_crab_FL_dR_3perJob_dset3
								SUBMITTED
INFO 2026-01-19 17:20:27.787 UTC: 	 --------------------------------------------------------------------------------
INFO 2026-01-19 17:20:27.787 UTC: 	 260117_120152:psajdak_crab_FL_dR_3perJob_dset2
								SUBMITTED
INFO 2026-01-19 17:20:27.787 UTC: 	 --------------------------------------------------------------------------------
INFO 2026-01-19 17:20:27.787 UTC: 	 260117_120132:psajdak_crab_FL_dR_3perJob_dset1
								SUBMITTED
INFO 2026-01-19 17:20:27.787 UTC: 	 --------------------------------------------------------------------------------
INFO 2026-01-19 17:20:27.788 UTC: 	 260117_120111:psajdak_crab_FL_dR_3perJob_dset0
								SUBMITTED
INFO 2026-01-19 17:20:27.788 UTC: 	 --------------------------------------------------------------------------------
INFO 2026-01-19 17:20:27.788 UTC: 	 260116_220312:psajdak_crab_FL_dR_split_dset7
								SUBMITREFUSED
INFO 2026-01-19 17:20:27.788 UTC: 	 --------------------------------------------------------------------------------
INFO 2026-01-19 17:20:27.788 UTC: 	 260116_220245:psajdak_crab_FL_dR_split_dset6
								SUBMITREFUSED
INFO 2026-01-19 17:20:27.788 UTC: 	 --------------------------------------------------------------------------------
INFO 2026-01-19 17:20:27.788 UTC: 	 260116_220224:psajdak_crab_FL_dR_split_dset5
								SUBMITREFUSED
INFO 2026-01-19 17:20:27.788 UTC: 	 --------------------------------------------------------------------------------
INFO 2026-01-19 17:20:27.788 UTC: 	 260116_220203:psajdak_crab_FL_dR_split_dset4
								SUBMITREFUSED
INFO 2026-01-19 17:20:27.788 UTC: 	 --------------------------------------------------------------------------------
INFO 2026-01-19 17:20:27.788 UTC: 	 260116_220141:psajdak_crab_FL_dR_split_dset3
								SUBMITREFUSED
INFO 2026-01-19 17:20:27.788 UTC: 	 --------------------------------------------------------------------------------
INFO 2026-01-19 17:20:27.788 UTC: 	 260116_220120:psajdak_crab_FL_dR_split_dset2
								SUBMITREFUSED
INFO 2026-01-19 17:20:27.788 UTC: 	 --------------------------------------------------------------------------------
INFO 2026-01-19 17:20:27.788 UTC: 	 260116_220100:psajdak_crab_FL_dR_split_dset1
								SUBMITREFUSED
INFO 2026-01-19 17:20:27.788 UTC: 	 --------------------------------------------------------------------------------
INFO 2026-01-19 17:20:27.788 UTC: 	 260116_220037:psajdak_crab_FL_dR_split_dset0
								SUBMITREFUSED
INFO 2026-01-19 17:20:27.788 UTC: 	 --------------------------------------------------------------------------------
INFO 2026-01-19 17:20:27.788 UTC: 	 260116_220018:psajdak_crab_FL_dR_split_dset7
								SUBMITREFUSED
INFO 2026-01-19 17:20:27.788 UTC: 	 --------------------------------------------------------------------------------
INFO 2026-01-19 17:20:27.788 UTC: 	 260116_215954:psajdak_crab_FL_dR_split_dset6
								SUBMITREFUSED
INFO 2026-01-19 17:20:27.788 UTC: 	 --------------------------------------------------------------------------------
INFO 2026-01-19 17:20:27.788 UTC: 	 260116_215931:psajdak_crab_FL_dR_split_dset5
								SUBMITREFUSED
INFO 2026-01-19 17:20:27.788 UTC: 	 --------------------------------------------------------------------------------
INFO 2026-01-19 17:20:27.788 UTC: 	 260116_215910:psajdak_crab_FL_dR_split_dset4
								SUBMITREFUSED
INFO 2026-01-19 17:20:27.788 UTC: 	 --------------------------------------------------------------------------------
INFO 2026-01-19 17:20:27.788 UTC: 	 260116_215850:psajdak_crab_FL_dR_split_dset3
								SUBMITREFUSED
INFO 2026-01-19 17:20:27.788 UTC: 	 --------------------------------------------------------------------------------
INFO 2026-01-19 17:20:27.788 UTC: 	 260116_215830:psajdak_crab_FL_dR_split_dset2
								SUBMITREFUSED
INFO 2026-01-19 17:20:27.788 UTC: 	 --------------------------------------------------------------------------------
INFO 2026-01-19 17:20:27.788 UTC: 	 260116_215810:psajdak_crab_FL_dR_split_dset1
								SUBMITREFUSED
INFO 2026-01-19 17:20:27.788 UTC: 	 --------------------------------------------------------------------------------
INFO 2026-01-19 17:20:27.788 UTC: 	 260116_215751:psajdak_crab_FL_dR_split_dset0
								SUBMITREFUSED
INFO 2026-01-19 17:20:27.788 UTC: 	 --------------------------------------------------------------------------------
INFO 2026-01-19 17:20:27.788 UTC: 	 260116_215512:psajdak_crab_FL_dR_split_dset7
								SUBMITTED
INFO 2026-01-19 17:20:27.788 UTC: 	 --------------------------------------------------------------------------------
INFO 2026-01-19 17:20:27.788 UTC: 	 260116_215451:psajdak_crab_FL_dR_split_dset6
								SUBMITTED
INFO 2026-01-19 17:20:27.788 UTC: 	 --------------------------------------------------------------------------------
INFO 2026-01-19 17:20:27.788 UTC: 	 260116_215430:psajdak_crab_FL_dR_split_dset5
								SUBMITTED
INFO 2026-01-19 17:20:27.788 UTC: 	 --------------------------------------------------------------------------------
INFO 2026-01-19 17:20:27.788 UTC: 	 260116_215409:psajdak_crab_FL_dR_split_dset4
								SUBMITTED
INFO 2026-01-19 17:20:27.788 UTC: 	 --------------------------------------------------------------------------------
INFO 2026-01-19 17:20:27.788 UTC: 	 260116_215349:psajdak_crab_FL_dR_split_dset3
								SUBMITTED
INFO 2026-01-19 17:20:27.788 UTC: 	 --------------------------------------------------------------------------------
INFO 2026-01-19 17:20:27.788 UTC: 	 260116_215329:psajdak_crab_FL_dR_split_dset2
								SUBMITTED
INFO 2026-01-19 17:20:27.788 UTC: 	 --------------------------------------------------------------------------------
INFO 2026-01-19 17:20:27.788 UTC: 	 260116_215308:psajdak_crab_FL_dR_split_dset1
								SUBMITTED
INFO 2026-01-19 17:20:27.788 UTC: 	 --------------------------------------------------------------------------------
INFO 2026-01-19 17:20:27.788 UTC: 	 260116_215248:psajdak_crab_FL_dR_split_dset0
								SUBMITTED
INFO 2026-01-19 17:20:27.788 UTC: 	 --------------------------------------------------------------------------------
INFO 2026-01-19 17:20:27.788 UTC: 	 260116_145152:psajdak_crab_FL_dR_datasetB7
								SUBMITTED
INFO 2026-01-19 17:20:27.788 UTC: 	 --------------------------------------------------------------------------------
INFO 2026-01-19 17:20:27.788 UTC: 	 260116_145128:psajdak_crab_FL_dR_datasetB6
								SUBMITTED
INFO 2026-01-19 17:20:27.788 UTC: 	 --------------------------------------------------------------------------------
INFO 2026-01-19 17:20:27.788 UTC: 	 260116_145106:psajdak_crab_FL_dR_datasetB5
								SUBMITTED
INFO 2026-01-19 17:20:27.788 UTC: 	 --------------------------------------------------------------------------------
INFO 2026-01-19 17:20:27.789 UTC: 	 260116_145043:psajdak_crab_FL_dR_datasetB4
								SUBMITTED
INFO 2026-01-19 17:20:27.789 UTC: 	 --------------------------------------------------------------------------------
INFO 2026-01-19 17:20:27.789 UTC: 	 260116_145020:psajdak_crab_FL_dR_datasetB3
								SUBMITTED
INFO 2026-01-19 17:20:27.789 UTC: 	 --------------------------------------------------------------------------------
INFO 2026-01-19 17:20:27.789 UTC: 	 260116_144957:psajdak_crab_FL_dR_datasetB2
								SUBMITTED
INFO 2026-01-19 17:20:27.789 UTC: 	 --------------------------------------------------------------------------------
INFO 2026-01-19 17:20:27.789 UTC: 	 260116_144934:psajdak_crab_FL_dR_datasetB1
								SUBMITTED
INFO 2026-01-19 17:20:27.789 UTC: 	 --------------------------------------------------------------------------------
INFO 2026-01-19 17:20:27.789 UTC: 	 260116_144911:psajdak_crab_FL_dR_datasetB0
								SUBMITTED
INFO 2026-01-19 17:20:27.789 UTC: 	 --------------------------------------------------------------------------------
INFO 2026-01-19 17:20:27.789 UTC: 	 260116_144446:psajdak_crab_FL_dR_datasetD7
								SUBMITTED
INFO 2026-01-19 17:20:27.789 UTC: 	 --------------------------------------------------------------------------------
INFO 2026-01-19 17:20:27.789 UTC: 	 260116_144423:psajdak_crab_FL_dR_datasetD6
								SUBMITTED
INFO 2026-01-19 17:20:27.789 UTC: 	 --------------------------------------------------------------------------------
INFO 2026-01-19 17:20:27.789 UTC: 	 260116_144402:psajdak_crab_FL_dR_datasetD5
								SUBMITTED
INFO 2026-01-19 17:20:27.790 UTC: 	 --------------------------------------------------------------------------------
INFO 2026-01-19 17:20:27.790 UTC: 	 260116_144340:psajdak_crab_FL_dR_datasetD4
								SUBMITTED
INFO 2026-01-19 17:20:27.790 UTC: 	 --------------------------------------------------------------------------------
INFO 2026-01-19 17:20:27.790 UTC: 	 260116_144318:psajdak_crab_FL_dR_datasetD3
								SUBMITTED
INFO 2026-01-19 17:20:27.790 UTC: 	 --------------------------------------------------------------------------------
INFO 2026-01-19 17:20:27.790 UTC: 	 260116_144255:psajdak_crab_FL_dR_datasetD2
								SUBMITTED
INFO 2026-01-19 17:20:27.790 UTC: 	 --------------------------------------------------------------------------------
INFO 2026-01-19 17:20:27.790 UTC: 	 260116_144231:psajdak_crab_FL_dR_datasetD1
								SUBMITTED
INFO 2026-01-19 17:20:27.790 UTC: 	 --------------------------------------------------------------------------------
INFO 2026-01-19 17:20:27.790 UTC: 	 260116_144210:psajdak_crab_FL_dR_datasetD0
								SUBMITTED
INFO 2026-01-19 17:20:27.790 UTC: 	 --------------------------------------------------------------------------------
INFO 2026-01-19 17:20:27.790 UTC: 	 260116_140957:psajdak_crab_FL_dR_dataset7
								SUBMITTED
INFO 2026-01-19 17:20:27.790 UTC: 	 --------------------------------------------------------------------------------
INFO 2026-01-19 17:20:27.790 UTC: 	 260116_140936:psajdak_crab_FL_dR_dataset6
								SUBMITTED
INFO 2026-01-19 17:20:27.790 UTC: 	 --------------------------------------------------------------------------------
INFO 2026-01-19 17:20:27.790 UTC: 	 260116_140914:psajdak_crab_FL_dR_dataset5
								SUBMITTED
INFO 2026-01-19 17:20:27.790 UTC: 	 --------------------------------------------------------------------------------
INFO 2026-01-19 17:20:27.790 UTC: 	 260116_140852:psajdak_crab_FL_dR_dataset4
								SUBMITTED
INFO 2026-01-19 17:20:27.790 UTC: 	 --------------------------------------------------------------------------------
INFO 2026-01-19 17:20:27.792 UTC: 	 260116_140830:psajdak_crab_FL_dR_dataset3
								SUBMITTED
INFO 2026-01-19 17:20:27.792 UTC: 	 --------------------------------------------------------------------------------
INFO 2026-01-19 17:20:27.792 UTC: 	 260116_140808:psajdak_crab_FL_dR_dataset2
								SUBMITTED
INFO 2026-01-19 17:20:27.792 UTC: 	 --------------------------------------------------------------------------------
INFO 2026-01-19 17:20:27.792 UTC: 	 260116_140745:psajdak_crab_FL_dR_dataset1
								SUBMITTED
INFO 2026-01-19 17:20:27.792 UTC: 	 --------------------------------------------------------------------------------
INFO 2026-01-19 17:20:27.792 UTC: 	 260116_140723:psajdak_crab_FL_dR_dataset0
								SUBMITTED
INFO 2026-01-19 17:20:27.792 UTC: 	 --------------------------------------------------------------------------------
INFO 2026-01-19 17:20:27.792 UTC: 	 260116_140015:psajdak_crab_FL_dR_dataset
								UPLOADED
INFO 2026-01-19 17:20:27.792 UTC: 	 --------------------------------------------------------------------------------
INFO 2026-01-19 17:20:27.792 UTC: 	 

WARNING 2026-01-19 17:20:27.792 UTC: 	 ATTENTION return value for 'tasks' has been changed to a dictionary
 format is {'commandStatus': 'SUCCESS' or 'FAILED',
            'tasklist': list of [task, status] lists as before}
INFO 2026-01-19 17:20:27.810 UTC: 	 Log file is /eos/home-p/psajdak/CMSSW_14_1_1/src/BsToMuMuGammaAnalysis/RadiativeAnalysis/jobs/crab.log
DEBUG 2026-01-19 17:21:12.570 UTC: 	 CRAB Client version: v3.251020
DEBUG 2026-01-19 17:21:12.571 UTC: 	 Running on: Linux lxplus973.cern.ch 5.14.0-611.11.1.el9_7.x86_64 #1 SMP PREEMPT_DYNAMIC Tue Nov 25 05:13:22 EST 2025 x86_64 x86_64 x86_64 GNU/Linux
DEBUG 2026-01-19 17:21:12.571 UTC: 	 Not using Singularity
DEBUG 2026-01-19 17:21:12.571 UTC: 	 Operating System: Red Hat Enterprise Linux 9.7 (Plow)
DEBUG 2026-01-19 17:21:12.571 UTC: 	 Executing command: 'tasks'
DEBUG 2026-01-19 17:21:12.571 UTC: 	 Found CRAB cache file /afs/cern.ch/user/p/psajdak/.crab3
DEBUG 2026-01-19 17:21:12.571 UTC: 	 Checking credentials
DEBUG 2026-01-19 17:21:12.571 UTC: 	 Found proxy file /tmp/x509up_u183200
DEBUG 2026-01-19 17:21:12.571 UTC: 	 Making sure it has proper VOMS extension
DEBUG 2026-01-19 17:21:12.571 UTC: 	 Executing command :
 voms-proxy-info --vo --file /tmp/x509up_u183200
DEBUG 2026-01-19 17:21:12.599 UTC: 	 output : cms

 error: 
 retcode : 0
DEBUG 2026-01-19 17:21:12.599 UTC: 	 Getting proxy life time left
DEBUG 2026-01-19 17:21:12.599 UTC: 	 Executing command :
 voms-proxy-info --actimeleft --timeleft --file /tmp/x509up_u183200
DEBUG 2026-01-19 17:21:12.621 UTC: 	 output : 41628
41628

 error: 
 retcode : 0
DEBUG 2026-01-19 17:21:12.622 UTC: 	 Proxy valid for 11:33:48 hours
DEBUG 2026-01-19 17:21:12.622 UTC: 	 Encoded data for curl request: subresource=delegatedn
DEBUG 2026-01-19 17:21:12.688 UTC: 	 Registering user credentials on myproxy for /DC=ch/DC=cern/OU=Organic Units/OU=Users/CN=cmscrab/CN=(817881|373708)/CN=Robot: cms crab|/DC=ch/DC=cern/OU=Organic Units/OU=Users/CN=crabint1/CN=373708/CN=Robot: CMS CRAB Integration 1
DEBUG 2026-01-19 17:21:12.688 UTC: 	 Executing command :
 voms-proxy-info --identity --file /tmp/x509up_u183200
DEBUG 2026-01-19 17:21:12.711 UTC: 	 output : /DC=ch/DC=cern/OU=Organic Units/OU=Users/CN=psajdak/CN=887534/CN=Pawel Sajdak

 error: 
 retcode : 0
DEBUG 2026-01-19 17:21:12.711 UTC: 	 Getting myproxy life time left for 2ad9106fd7ae4a9b1ce4cb184f94cae618d249f1
DEBUG 2026-01-19 17:21:12.711 UTC: 	 Executing command :
 myproxy-info -s myproxy.cern.ch -l 2ad9106fd7ae4a9b1ce4cb184f94cae618d249f1
DEBUG 2026-01-19 17:21:13.117 UTC: 	 output : username: 2ad9106fd7ae4a9b1ce4cb184f94cae618d249f1
owner: /DC=ch/DC=cern/OU=Organic Units/OU=Users/CN=psajdak/CN=887534/CN=Pawel Sajdak
  renewal policy: /DC=ch/DC=cern/OU=Organic Units/OU=Users/CN=cmscrab/CN=(817881|373708)/CN=Robot: cms crab|/DC=ch/DC=cern/OU=Organic Units/OU=Users/CN=crabint1/CN=373708/CN=Robot: CMS CRAB Integration 1
  trusted retrieval policy: /DC=ch/DC=cern/OU=Organic Units/OU=Users/CN=cmscrab/CN=(817881|373708)/CN=Robot: cms crab|/DC=ch/DC=cern/OU=Organic Units/OU=Users/CN=crabint1/CN=373708/CN=Robot: CMS CRAB Integration 1
  timeleft: 576:25:04  (24.0 days)

 error: 
 retcode : 0
DEBUG 2026-01-19 17:21:13.117 UTC: 	 Myproxy is valid: 2075100
DEBUG 2026-01-19 17:21:13.117 UTC: 	 Result of myproxy credential check:
  Credential exists on myproxy: username: 2ad9106fd7ae4a9b1ce4cb184f94cae618d249f1  - validity: 24 days, 0:25:00
DEBUG 2026-01-19 17:21:13.117 UTC: 	 Command use: tasks
DEBUG 2026-01-19 17:21:13.117 UTC: 	 Options use: ['--days=2']
DEBUG 2026-01-19 17:21:13.118 UTC: 	 Encoded data for curl request: subresource=version
DEBUG 2026-01-19 17:21:13.160 UTC: 	 CRABClient version: v3.251020
DEBUG 2026-01-19 17:21:13.160 UTC: 	 Instance is prod
DEBUG 2026-01-19 17:21:13.160 UTC: 	 Server base url is cmsweb.cern.ch
DEBUG 2026-01-19 17:21:13.160 UTC: 	 Command api workflow
DEBUG 2026-01-19 17:21:13.160 UTC: 	 Encoded data for curl request: timestamp=2026-01-17
INFO 2026-01-19 17:21:13.244 UTC: 	 
List of tasks from 2026-01-17 until 2026-01-19
INFO 2026-01-19 17:21:13.244 UTC: 	 Beware that STATUS here does not include information from grid jobs
INFO 2026-01-19 17:21:13.244 UTC: 	 ================================================================================
INFO 2026-01-19 17:21:13.244 UTC: 	 NAME								STATUS
INFO 2026-01-19 17:21:13.244 UTC: 	 ================================================================================
INFO 2026-01-19 17:21:13.244 UTC: 	 260117_120620:psajdak_crab_FL_dR_3perJob_dset7
								KILLED
INFO 2026-01-19 17:21:13.245 UTC: 	 --------------------------------------------------------------------------------
INFO 2026-01-19 17:21:13.245 UTC: 	 260117_120555:psajdak_crab_FL_dR_3perJob_dset6
								KILLED
INFO 2026-01-19 17:21:13.245 UTC: 	 --------------------------------------------------------------------------------
INFO 2026-01-19 17:21:13.245 UTC: 	 260117_120534:psajdak_crab_FL_dR_3perJob_dset5
								KILLED
INFO 2026-01-19 17:21:13.246 UTC: 	 --------------------------------------------------------------------------------
INFO 2026-01-19 17:21:13.246 UTC: 	 260117_120515:psajdak_crab_FL_dR_3perJob_dset4
								KILLED
INFO 2026-01-19 17:21:13.246 UTC: 	 --------------------------------------------------------------------------------
INFO 2026-01-19 17:21:13.246 UTC: 	 260117_120453:psajdak_crab_FL_dR_3perJob_dset3
								KILLED
INFO 2026-01-19 17:21:13.246 UTC: 	 --------------------------------------------------------------------------------
INFO 2026-01-19 17:21:13.247 UTC: 	 260117_120433:psajdak_crab_FL_dR_3perJob_dset2
								KILLED
INFO 2026-01-19 17:21:13.247 UTC: 	 --------------------------------------------------------------------------------
INFO 2026-01-19 17:21:13.247 UTC: 	 260117_120413:psajdak_crab_FL_dR_3perJob_dset1
								KILLED
INFO 2026-01-19 17:21:13.247 UTC: 	 --------------------------------------------------------------------------------
INFO 2026-01-19 17:21:13.247 UTC: 	 260117_120353:psajdak_crab_FL_dR_3perJob_dset0
								KILLED
INFO 2026-01-19 17:21:13.248 UTC: 	 --------------------------------------------------------------------------------
INFO 2026-01-19 17:21:13.248 UTC: 	 260117_120334:psajdak_crab_FL_dR_3perJob_dset7
								SUBMITTED
INFO 2026-01-19 17:21:13.248 UTC: 	 --------------------------------------------------------------------------------
INFO 2026-01-19 17:21:13.248 UTC: 	 260117_120314:psajdak_crab_FL_dR_3perJob_dset6
								SUBMITTED
INFO 2026-01-19 17:21:13.248 UTC: 	 --------------------------------------------------------------------------------
INFO 2026-01-19 17:21:13.248 UTC: 	 260117_120254:psajdak_crab_FL_dR_3perJob_dset5
								SUBMITTED
INFO 2026-01-19 17:21:13.249 UTC: 	 --------------------------------------------------------------------------------
INFO 2026-01-19 17:21:13.249 UTC: 	 260117_120234:psajdak_crab_FL_dR_3perJob_dset4
								SUBMITTED
INFO 2026-01-19 17:21:13.249 UTC: 	 --------------------------------------------------------------------------------
INFO 2026-01-19 17:21:13.249 UTC: 	 260117_120213:psajdak_crab_FL_dR_3perJob_dset3
								SUBMITTED
INFO 2026-01-19 17:21:13.249 UTC: 	 --------------------------------------------------------------------------------
INFO 2026-01-19 17:21:13.249 UTC: 	 260117_120152:psajdak_crab_FL_dR_3perJob_dset2
								SUBMITTED
INFO 2026-01-19 17:21:13.250 UTC: 	 --------------------------------------------------------------------------------
INFO 2026-01-19 17:21:13.250 UTC: 	 260117_120132:psajdak_crab_FL_dR_3perJob_dset1
								SUBMITTED
INFO 2026-01-19 17:21:13.250 UTC: 	 --------------------------------------------------------------------------------
INFO 2026-01-19 17:21:13.250 UTC: 	 260117_120111:psajdak_crab_FL_dR_3perJob_dset0
								SUBMITTED
INFO 2026-01-19 17:21:13.250 UTC: 	 --------------------------------------------------------------------------------
INFO 2026-01-19 17:21:13.251 UTC: 	 

WARNING 2026-01-19 17:21:13.251 UTC: 	 ATTENTION return value for 'tasks' has been changed to a dictionary
 format is {'commandStatus': 'SUCCESS' or 'FAILED',
            'tasklist': list of [task, status] lists as before}
INFO 2026-01-19 17:21:13.259 UTC: 	 Log file is /eos/home-p/psajdak/CMSSW_14_1_1/src/BsToMuMuGammaAnalysis/RadiativeAnalysis/jobs/crab.log
